"id_mensual_regular_dinero","id_presupuesto_mensual","mes_regular_dinero","monto_presupuesto","periodo_mes","tipo_razon_uso"
1,1,2015-04-01,-6.0,201504,dinero
2,1,2015-05-01,-6.0,201505,dinero
3,1,2015-06-01,-6.0,201506,dinero
4,1,2015-07-01,-6.0,201507,dinero
5,1,2015-08-01,-6.0,201508,dinero
6,1,2015-09-01,-6.0,201509,dinero
7,1,2015-10-01,-6.0,201510,dinero
8,1,2015-11-01,-6.0,201511,dinero
9,1,2015-12-01,-6.0,201512,dinero
10,2,2015-04-01,-28206.0,201504,regular
11,2,2015-05-01,-28206.0,201505,regular
12,2,2015-06-01,-28206.0,201506,regular
13,2,2015-07-01,-28206.0,201507,regular
14,2,2015-08-01,-28206.0,201508,regular
15,2,2015-09-01,-28206.0,201509,regular
16,2,2015-10-01,-28206.0,201510,regular
17,2,2015-11-01,-28206.0,201511,regular
18,2,2015-12-01,-28206.0,201512,regular
19,3,2015-04-01,-37371.0,201504,regular
20,3,2015-05-01,-37371.0,201505,regular
21,3,2015-06-01,-37371.0,201506,regular
22,3,2015-07-01,-37371.0,201507,regular
23,3,2015-08-01,-37371.0,201508,regular
24,3,2015-09-01,-37371.0,201509,regular
25,3,2015-10-01,-37371.0,201510,regular
26,3,2015-11-01,-37371.0,201511,regular
27,3,2015-12-01,-37371.0,201512,regular
28,4,2015-04-01,-63456.0,201504,regular
29,4,2015-05-01,-63456.0,201505,regular
30,4,2015-06-01,-63456.0,201506,regular
31,4,2015-07-01,-63456.0,201507,regular
32,4,2015-08-01,-63456.0,201508,regular
33,4,2015-09-01,-63456.0,201509,regular
34,4,2015-10-01,-63456.0,201510,regular
35,4,2015-11-01,-63456.0,201511,regular
36,4,2015-12-01,-63456.0,201512,regular
37,5,2015-04-01,-7056.0,201504,regular
38,5,2015-05-01,-7056.0,201505,regular
39,5,2015-06-01,-7056.0,201506,regular
40,5,2015-07-01,-7056.0,201507,regular
41,5,2015-08-01,-7056.0,201508,regular
42,5,2015-09-01,-7056.0,201509,regular
43,5,2015-10-01,-7056.0,201510,regular
44,5,2015-11-01,-7056.0,201511,regular
45,5,2015-12-01,-7056.0,201512,regular
46,7,2015-04-01,-51471.0,201504,regular
47,7,2015-05-01,-51471.0,201505,regular
48,7,2015-06-01,-51471.0,201506,regular
49,7,2015-07-01,-51471.0,201507,regular
50,7,2015-08-01,-51471.0,201508,regular
51,7,2015-09-01,-51471.0,201509,regular
52,7,2015-10-01,-51471.0,201510,regular
53,7,2015-11-01,-51471.0,201511,regular
54,7,2015-12-01,-51471.0,201512,regular
55,25,2016-01-01,-6.0,201601,dinero
56,25,2016-02-01,-6.0,201602,dinero
57,25,2016-03-01,-6.0,201603,dinero
58,25,2016-04-01,-6.0,201604,dinero
59,25,2016-05-01,-6.0,201605,dinero
60,25,2016-06-01,-6.0,201606,dinero
61,25,2016-07-01,-6.0,201607,dinero
62,25,2016-08-01,-6.0,201608,dinero
63,25,2016-09-01,-6.0,201609,dinero
64,25,2016-10-01,-6.0,201610,dinero
65,25,2016-11-01,-6.0,201611,dinero
66,25,2016-12-01,-6.0,201612,dinero
67,26,2016-01-01,-52881.0,201601,regular
68,26,2016-02-01,-52881.0,201602,regular
69,26,2016-03-01,-52881.0,201603,regular
70,26,2016-04-01,-52881.0,201604,regular
71,26,2016-05-01,-52881.0,201605,regular
72,26,2016-06-01,-52881.0,201606,regular
73,26,2016-07-01,-52881.0,201607,regular
74,26,2016-08-01,-52881.0,201608,regular
75,26,2016-09-01,-52881.0,201609,regular
76,26,2016-10-01,-52881.0,201610,regular
77,26,2016-11-01,-52881.0,201611,regular
78,26,2016-12-01,-52881.0,201612,regular
79,27,2016-01-01,-56406.0,201601,regular
80,27,2016-02-01,-56406.0,201602,regular
81,27,2016-03-01,-56406.0,201603,regular
82,27,2016-04-01,-56406.0,201604,regular
83,27,2016-05-01,-56406.0,201605,regular
84,27,2016-06-01,-56406.0,201606,regular
85,27,2016-07-01,-56406.0,201607,regular
86,27,2016-08-01,-56406.0,201608,regular
87,27,2016-09-01,-56406.0,201609,regular
88,27,2016-10-01,-56406.0,201610,regular
89,27,2016-11-01,-56406.0,201611,regular
90,27,2016-12-01,-56406.0,201612,regular
91,28,2016-01-01,-109281.0,201601,regular
92,28,2016-02-01,-109281.0,201602,regular
93,28,2016-03-01,-109281.0,201603,regular
94,28,2016-04-01,-109281.0,201604,regular
95,28,2016-05-01,-109281.0,201605,regular
96,28,2016-06-01,-109281.0,201606,regular
97,28,2016-07-01,-109281.0,201607,regular
98,28,2016-08-01,-109281.0,201608,regular
99,28,2016-09-01,-109281.0,201609,regular
100,28,2016-10-01,-109281.0,201610,regular
101,28,2016-11-01,-109281.0,201611,regular
102,28,2016-12-01,-109281.0,201612,regular
103,29,2016-01-01,-31731.0,201601,regular
104,29,2016-02-01,-31731.0,201602,regular
105,29,2016-03-01,-31731.0,201603,regular
106,29,2016-04-01,-31731.0,201604,regular
107,29,2016-05-01,-31731.0,201605,regular
108,29,2016-06-01,-31731.0,201606,regular
109,29,2016-07-01,-31731.0,201607,regular
110,29,2016-08-01,-31731.0,201608,regular
111,29,2016-09-01,-31731.0,201609,regular
112,29,2016-10-01,-31731.0,201610,regular
113,29,2016-11-01,-31731.0,201611,regular
114,29,2016-12-01,-31731.0,201612,regular
115,31,2016-01-01,-63456.0,201601,regular
116,31,2016-02-01,-63456.0,201602,regular
117,31,2016-03-01,-63456.0,201603,regular
118,31,2016-04-01,-63456.0,201604,regular
119,31,2016-05-01,-63456.0,201605,regular
120,31,2016-06-01,-63456.0,201606,regular
121,31,2016-07-01,-63456.0,201607,regular
122,31,2016-08-01,-63456.0,201608,regular
123,31,2016-09-01,-63456.0,201609,regular
124,31,2016-10-01,-63456.0,201610,regular
125,31,2016-11-01,-63456.0,201611,regular
126,31,2016-12-01,-63456.0,201612,regular
127,61,2017-01-01,-6.0,201701,dinero
128,61,2017-02-01,-6.0,201702,dinero
129,61,2017-03-01,-6.0,201703,dinero
130,61,2017-04-01,-6.0,201704,dinero
131,61,2017-05-01,-6.0,201705,dinero
132,61,2017-06-01,-6.0,201706,dinero
133,61,2017-07-01,-6.0,201707,dinero
134,61,2017-08-01,-6.0,201708,dinero
135,61,2017-09-01,-6.0,201709,dinero
136,61,2017-10-01,-6.0,201710,dinero
137,61,2017-11-01,-6.0,201711,dinero
138,61,2017-12-01,-6.0,201712,dinero
139,62,2017-01-01,-35256.0,201701,regular
140,62,2017-02-01,-35256.0,201702,regular
141,62,2017-03-01,-35256.0,201703,regular
142,62,2017-04-01,-35256.0,201704,regular
143,62,2017-05-01,-35256.0,201705,regular
144,62,2017-06-01,-35256.0,201706,regular
145,62,2017-07-01,-35256.0,201707,regular
146,62,2017-08-01,-35256.0,201708,regular
147,62,2017-09-01,-35256.0,201709,regular
148,62,2017-10-01,-35256.0,201710,regular
149,62,2017-11-01,-35256.0,201711,regular
150,62,2017-12-01,-35256.0,201712,regular
151,63,2017-01-01,-84606.0,201701,regular
152,63,2017-02-01,-84606.0,201702,regular
153,63,2017-03-01,-84606.0,201703,regular
154,63,2017-04-01,-84606.0,201704,regular
155,63,2017-05-01,-84606.0,201705,regular
156,63,2017-06-01,-84606.0,201706,regular
157,63,2017-07-01,-84606.0,201707,regular
158,63,2017-08-01,-84606.0,201708,regular
159,63,2017-09-01,-84606.0,201709,regular
160,63,2017-10-01,-84606.0,201710,regular
161,63,2017-11-01,-84606.0,201711,regular
162,63,2017-12-01,-84606.0,201712,regular
163,64,2017-01-01,-91656.0,201701,regular
164,64,2017-02-01,-91656.0,201702,regular
165,64,2017-03-01,-91656.0,201703,regular
166,64,2017-04-01,-91656.0,201704,regular
167,64,2017-05-01,-91656.0,201705,regular
168,64,2017-06-01,-91656.0,201706,regular
169,64,2017-07-01,-91656.0,201707,regular
170,64,2017-08-01,-91656.0,201708,regular
171,64,2017-09-01,-91656.0,201709,regular
172,64,2017-10-01,-91656.0,201710,regular
173,64,2017-11-01,-91656.0,201711,regular
174,64,2017-12-01,-91656.0,201712,regular
175,65,2017-01-01,-28206.0,201701,regular
176,65,2017-02-01,-28206.0,201702,regular
177,65,2017-03-01,-28206.0,201703,regular
178,65,2017-04-01,-28206.0,201704,regular
179,65,2017-05-01,-28206.0,201705,regular
180,65,2017-06-01,-28206.0,201706,regular
181,65,2017-07-01,-28206.0,201707,regular
182,65,2017-08-01,-28206.0,201708,regular
183,65,2017-09-01,-28206.0,201709,regular
184,65,2017-10-01,-28206.0,201710,regular
185,65,2017-11-01,-28206.0,201711,regular
186,65,2017-12-01,-28206.0,201712,regular
187,67,2017-01-01,-98706.0,201701,regular
188,67,2017-02-01,-98706.0,201702,regular
189,67,2017-03-01,-98706.0,201703,regular
190,67,2017-04-01,-98706.0,201704,regular
191,67,2017-05-01,-98706.0,201705,regular
192,67,2017-06-01,-98706.0,201706,regular
193,67,2017-07-01,-98706.0,201707,regular
194,67,2017-08-01,-98706.0,201708,regular
195,67,2017-09-01,-98706.0,201709,regular
196,67,2017-10-01,-98706.0,201710,regular
197,67,2017-11-01,-98706.0,201711,regular
198,67,2017-12-01,-98706.0,201712,regular
199,108,2018-01-01,-6.0,201801,dinero
200,108,2018-02-01,-6.0,201802,dinero
201,108,2018-03-01,-6.0,201803,dinero
202,108,2018-04-01,-6.0,201804,dinero
203,108,2018-05-01,-6.0,201805,dinero
204,108,2018-06-01,-6.0,201806,dinero
205,108,2018-07-01,-6.0,201807,dinero
206,108,2018-08-01,-6.0,201808,dinero
207,108,2018-09-01,-6.0,201809,dinero
208,108,2018-10-01,-6.0,201810,dinero
209,108,2018-11-01,-6.0,201811,dinero
210,108,2018-12-01,-6.0,201812,dinero
211,109,2018-01-01,-141006.0,201801,regular
212,109,2018-02-01,-141006.0,201802,regular
213,109,2018-03-01,-141006.0,201803,regular
214,109,2018-04-01,-141006.0,201804,regular
215,109,2018-05-01,-141006.0,201805,regular
216,109,2018-06-01,-141006.0,201806,regular
217,109,2018-07-01,-141006.0,201807,regular
218,109,2018-08-01,-141006.0,201808,regular
219,109,2018-09-01,-141006.0,201809,regular
220,109,2018-10-01,-141006.0,201810,regular
221,109,2018-11-01,-141006.0,201811,regular
222,109,2018-12-01,-141006.0,201812,regular
223,110,2018-01-01,-84606.0,201801,regular
224,110,2018-02-01,-84606.0,201802,regular
225,110,2018-03-01,-84606.0,201803,regular
226,110,2018-04-01,-84606.0,201804,regular
227,110,2018-05-01,-84606.0,201805,regular
228,110,2018-06-01,-84606.0,201806,regular
229,110,2018-07-01,-84606.0,201807,regular
230,110,2018-08-01,-84606.0,201808,regular
231,110,2018-09-01,-84606.0,201809,regular
232,110,2018-10-01,-84606.0,201810,regular
233,110,2018-11-01,-84606.0,201811,regular
234,110,2018-12-01,-84606.0,201812,regular
235,111,2018-01-01,-91656.0,201801,regular
236,111,2018-02-01,-91656.0,201802,regular
237,111,2018-03-01,-91656.0,201803,regular
238,111,2018-04-01,-91656.0,201804,regular
239,111,2018-05-01,-91656.0,201805,regular
240,111,2018-06-01,-91656.0,201806,regular
241,111,2018-07-01,-91656.0,201807,regular
242,111,2018-08-01,-91656.0,201808,regular
243,111,2018-09-01,-91656.0,201809,regular
244,111,2018-10-01,-91656.0,201810,regular
245,111,2018-11-01,-91656.0,201811,regular
246,111,2018-12-01,-91656.0,201812,regular
247,112,2018-01-01,-49285.5,201801,regular
248,112,2018-02-01,-49285.5,201802,regular
249,112,2018-03-01,-49285.5,201803,regular
250,112,2018-04-01,-49285.5,201804,regular
251,112,2018-05-01,-49285.5,201805,regular
252,112,2018-06-01,-49285.5,201806,regular
253,112,2018-07-01,-49285.5,201807,regular
254,112,2018-08-01,-49285.5,201808,regular
255,112,2018-09-01,-49285.5,201809,regular
256,112,2018-10-01,-49285.5,201810,regular
257,112,2018-11-01,-49285.5,201811,regular
258,112,2018-12-01,-49285.5,201812,regular
259,114,2018-01-01,-98706.0,201801,regular
260,114,2018-02-01,-98706.0,201802,regular
261,114,2018-03-01,-98706.0,201803,regular
262,114,2018-04-01,-98706.0,201804,regular
263,114,2018-05-01,-98706.0,201805,regular
264,114,2018-06-01,-98706.0,201806,regular
265,114,2018-07-01,-98706.0,201807,regular
266,114,2018-08-01,-98706.0,201808,regular
267,114,2018-09-01,-98706.0,201809,regular
268,114,2018-10-01,-98706.0,201810,regular
269,114,2018-11-01,-98706.0,201811,regular
270,114,2018-12-01,-98706.0,201812,regular
271,166,2019-01-01,-6.0,201901,dinero
272,166,2019-02-01,-6.0,201902,dinero
273,166,2019-03-01,-6.0,201903,dinero
274,166,2019-04-01,-6.0,201904,dinero
275,166,2019-05-01,-6.0,201905,dinero
276,166,2019-06-01,-6.0,201906,dinero
277,166,2019-07-01,-6.0,201907,dinero
278,166,2019-08-01,-6.0,201908,dinero
279,166,2019-09-01,-6.0,201909,dinero
280,166,2019-10-01,-6.0,201910,dinero
281,166,2019-11-01,-6.0,201911,dinero
282,166,2019-12-01,-6.0,201912,dinero
283,167,2019-01-01,-176256.0,201901,regular
284,167,2019-02-01,-176256.0,201902,regular
285,167,2019-03-01,-176256.0,201903,regular
286,167,2019-04-01,-176256.0,201904,regular
287,167,2019-05-01,-176256.0,201905,regular
288,167,2019-06-01,-176256.0,201906,regular
289,167,2019-07-01,-176256.0,201907,regular
290,167,2019-08-01,-176256.0,201908,regular
291,167,2019-09-01,-176256.0,201909,regular
292,167,2019-10-01,-176256.0,201910,regular
293,167,2019-11-01,-176256.0,201911,regular
294,167,2019-12-01,-176256.0,201912,regular
295,168,2019-01-01,-112806.0,201901,regular
296,168,2019-02-01,-112806.0,201902,regular
297,168,2019-03-01,-112806.0,201903,regular
298,168,2019-04-01,-112806.0,201904,regular
299,168,2019-05-01,-112806.0,201905,regular
300,168,2019-06-01,-112806.0,201906,regular
301,168,2019-07-01,-112806.0,201907,regular
302,168,2019-08-01,-112806.0,201908,regular
303,168,2019-09-01,-112806.0,201909,regular
304,168,2019-10-01,-112806.0,201910,regular
305,168,2019-11-01,-112806.0,201911,regular
306,168,2019-12-01,-112806.0,201912,regular
307,169,2019-01-01,-133956.0,201901,regular
308,169,2019-02-01,-133956.0,201902,regular
309,169,2019-03-01,-133956.0,201903,regular
310,169,2019-04-01,-133956.0,201904,regular
311,169,2019-05-01,-133956.0,201905,regular
312,169,2019-06-01,-133956.0,201906,regular
313,169,2019-07-01,-133956.0,201907,regular
314,169,2019-08-01,-133956.0,201908,regular
315,169,2019-09-01,-133956.0,201909,regular
316,169,2019-10-01,-133956.0,201910,regular
317,169,2019-11-01,-133956.0,201911,regular
318,169,2019-12-01,-133956.0,201912,regular
319,170,2019-01-01,-52915.545,201901,regular
320,170,2019-02-01,-52915.545,201902,regular
321,170,2019-03-01,-52915.545,201903,regular
322,170,2019-04-01,-52915.545,201904,regular
323,170,2019-05-01,-52915.545,201905,regular
324,170,2019-06-01,-52915.545,201906,regular
325,170,2019-07-01,-52915.545,201907,regular
326,170,2019-08-01,-52915.545,201908,regular
327,170,2019-09-01,-52915.545,201909,regular
328,170,2019-10-01,-52915.545,201910,regular
329,170,2019-11-01,-52915.545,201911,regular
330,170,2019-12-01,-52915.545,201912,regular
331,172,2019-01-01,-98706.0,201901,regular
332,172,2019-02-01,-98706.0,201902,regular
333,172,2019-03-01,-98706.0,201903,regular
334,172,2019-04-01,-98706.0,201904,regular
335,172,2019-05-01,-98706.0,201905,regular
336,172,2019-06-01,-98706.0,201906,regular
337,172,2019-07-01,-98706.0,201907,regular
338,172,2019-08-01,-98706.0,201908,regular
339,172,2019-09-01,-98706.0,201909,regular
340,172,2019-10-01,-98706.0,201910,regular
341,172,2019-11-01,-98706.0,201911,regular
342,172,2019-12-01,-98706.0,201912,regular
343,247,2020-01-01,-6.0,202001,dinero
344,247,2020-02-01,-6.0,202002,dinero
345,247,2020-03-01,-6.0,202003,dinero
346,247,2020-04-01,-6.0,202004,dinero
347,247,2020-05-01,-6.0,202005,dinero
348,247,2020-06-01,-6.0,202006,dinero
349,247,2020-07-01,-6.0,202007,dinero
350,247,2020-08-01,-6.0,202008,dinero
351,247,2020-09-01,-6.0,202009,dinero
352,247,2020-10-01,-6.0,202010,dinero
353,247,2020-11-01,-6.0,202011,dinero
354,247,2020-12-01,-6.0,202012,dinero
355,248,2020-01-01,-42306.0,202001,regular
356,248,2020-02-01,-42306.0,202002,regular
357,248,2020-03-01,-42306.0,202003,regular
358,248,2020-04-01,-42306.0,202004,regular
359,248,2020-05-01,-42306.0,202005,regular
360,248,2020-06-01,-42306.0,202006,regular
361,248,2020-07-01,-42306.0,202007,regular
362,248,2020-08-01,-42306.0,202008,regular
363,248,2020-09-01,-42306.0,202009,regular
364,248,2020-10-01,-42306.0,202010,regular
365,248,2020-11-01,-42306.0,202011,regular
366,248,2020-12-01,-42306.0,202012,regular
367,249,2020-01-01,-176256.0,202001,regular
368,249,2020-02-01,-176256.0,202002,regular
369,249,2020-03-01,-176256.0,202003,regular
370,249,2020-04-01,-176256.0,202004,regular
371,249,2020-05-01,-176256.0,202005,regular
372,249,2020-06-01,-176256.0,202006,regular
373,249,2020-07-01,-176256.0,202007,regular
374,249,2020-08-01,-176256.0,202008,regular
375,249,2020-09-01,-176256.0,202009,regular
376,249,2020-10-01,-176256.0,202010,regular
377,249,2020-11-01,-176256.0,202011,regular
378,249,2020-12-01,-176256.0,202012,regular
379,250,2020-01-01,-91656.0,202001,regular
380,250,2020-02-01,-91656.0,202002,regular
381,250,2020-03-01,-91656.0,202003,regular
382,250,2020-04-01,-91656.0,202004,regular
383,250,2020-05-01,-91656.0,202005,regular
384,250,2020-06-01,-91656.0,202006,regular
385,250,2020-07-01,-91656.0,202007,regular
386,250,2020-08-01,-91656.0,202008,regular
387,250,2020-09-01,-91656.0,202009,regular
388,250,2020-10-01,-91656.0,202010,regular
389,250,2020-11-01,-91656.0,202011,regular
390,250,2020-12-01,-91656.0,202012,regular
391,251,2020-01-01,-133956.0,202001,regular
392,251,2020-02-01,-133956.0,202002,regular
393,251,2020-03-01,-133956.0,202003,regular
394,251,2020-04-01,-133956.0,202004,regular
395,251,2020-05-01,-133956.0,202005,regular
396,251,2020-06-01,-133956.0,202006,regular
397,251,2020-07-01,-133956.0,202007,regular
398,251,2020-08-01,-133956.0,202008,regular
399,251,2020-09-01,-133956.0,202009,regular
400,251,2020-10-01,-133956.0,202010,regular
401,251,2020-11-01,-133956.0,202011,regular
402,251,2020-12-01,-133956.0,202012,regular
403,252,2020-01-01,-59790.0,202001,regular
404,252,2020-02-01,-59790.0,202002,regular
405,252,2020-03-01,-59790.0,202003,regular
406,252,2020-04-01,-59790.0,202004,regular
407,252,2020-05-01,-59790.0,202005,regular
408,252,2020-06-01,-59790.0,202006,regular
409,252,2020-07-01,-59790.0,202007,regular
410,252,2020-08-01,-59790.0,202008,regular
411,252,2020-09-01,-59790.0,202009,regular
412,252,2020-10-01,-59790.0,202010,regular
413,252,2020-11-01,-59790.0,202011,regular
414,252,2020-12-01,-59790.0,202012,regular
415,254,2020-01-01,-98706.0,202001,regular
416,254,2020-02-01,-98706.0,202002,regular
417,254,2020-03-01,-98706.0,202003,regular
418,254,2020-04-01,-98706.0,202004,regular
419,254,2020-05-01,-98706.0,202005,regular
420,254,2020-06-01,-98706.0,202006,regular
421,254,2020-07-01,-98706.0,202007,regular
422,254,2020-08-01,-98706.0,202008,regular
423,254,2020-09-01,-98706.0,202009,regular
424,254,2020-10-01,-98706.0,202010,regular
425,254,2020-11-01,-98706.0,202011,regular
426,254,2020-12-01,-98706.0,202012,regular
427,308,2021-01-01,-6.0,202101,dinero
428,308,2021-02-01,-6.0,202102,dinero
429,308,2021-03-01,-6.0,202103,dinero
430,308,2021-04-01,-6.0,202104,dinero
431,308,2021-05-01,-6.0,202105,dinero
432,308,2021-06-01,-6.0,202106,dinero
433,308,2021-07-01,-6.0,202107,dinero
434,308,2021-08-01,-6.0,202108,dinero
435,308,2021-09-01,-6.0,202109,dinero
436,308,2021-10-01,-6.0,202110,dinero
437,308,2021-11-01,-6.0,202111,dinero
438,308,2021-12-01,-6.0,202112,dinero
439,309,2021-01-01,-105756.0,202101,regular
440,309,2021-02-01,-105756.0,202102,regular
441,309,2021-03-01,-105756.0,202103,regular
442,309,2021-04-01,-105756.0,202104,regular
443,309,2021-05-01,-105756.0,202105,regular
444,309,2021-06-01,-105756.0,202106,regular
445,309,2021-07-01,-105756.0,202107,regular
446,309,2021-08-01,-105756.0,202108,regular
447,309,2021-09-01,-105756.0,202109,regular
448,309,2021-10-01,-105756.0,202110,regular
449,309,2021-11-01,-105756.0,202111,regular
450,309,2021-12-01,-105756.0,202112,regular
451,310,2021-01-01,-317256.0,202101,regular
452,310,2021-02-01,-317256.0,202102,regular
453,310,2021-03-01,-317256.0,202103,regular
454,310,2021-04-01,-317256.0,202104,regular
455,310,2021-05-01,-317256.0,202105,regular
456,310,2021-06-01,-317256.0,202106,regular
457,310,2021-07-01,-317256.0,202107,regular
458,310,2021-08-01,-317256.0,202108,regular
459,310,2021-09-01,-317256.0,202109,regular
460,310,2021-10-01,-317256.0,202110,regular
461,310,2021-11-01,-317256.0,202111,regular
462,310,2021-12-01,-317256.0,202112,regular
463,311,2021-01-01,-105756.0,202101,regular
464,311,2021-02-01,-105756.0,202102,regular
465,311,2021-03-01,-105756.0,202103,regular
466,311,2021-04-01,-105756.0,202104,regular
467,311,2021-05-01,-105756.0,202105,regular
468,311,2021-06-01,-105756.0,202106,regular
469,311,2021-07-01,-105756.0,202107,regular
470,311,2021-08-01,-105756.0,202108,regular
471,311,2021-09-01,-105756.0,202109,regular
472,311,2021-10-01,-105756.0,202110,regular
473,311,2021-11-01,-105756.0,202111,regular
474,311,2021-12-01,-105756.0,202112,regular
475,312,2021-01-01,-105756.0,202101,regular
476,312,2021-02-01,-105756.0,202102,regular
477,312,2021-03-01,-105756.0,202103,regular
478,312,2021-04-01,-105756.0,202104,regular
479,312,2021-05-01,-105756.0,202105,regular
480,312,2021-06-01,-105756.0,202106,regular
481,312,2021-07-01,-105756.0,202107,regular
482,312,2021-08-01,-105756.0,202108,regular
483,312,2021-09-01,-105756.0,202109,regular
484,312,2021-10-01,-105756.0,202110,regular
485,312,2021-11-01,-105756.0,202111,regular
486,312,2021-12-01,-105756.0,202112,regular
487,313,2021-01-01,-49285.5,202101,regular
488,313,2021-02-01,-49285.5,202102,regular
489,313,2021-03-01,-49285.5,202103,regular
490,313,2021-04-01,-49285.5,202104,regular
491,313,2021-05-01,-49285.5,202105,regular
492,313,2021-06-01,-49285.5,202106,regular
493,313,2021-07-01,-49285.5,202107,regular
494,313,2021-08-01,-49285.5,202108,regular
495,313,2021-09-01,-49285.5,202109,regular
496,313,2021-10-01,-49285.5,202110,regular
497,313,2021-11-01,-49285.5,202111,regular
498,313,2021-12-01,-49285.5,202112,regular
499,314,2021-01-01,-24681.0,202101,regular
500,314,2021-02-01,-24681.0,202102,regular
501,314,2021-03-01,-24681.0,202103,regular
502,314,2021-04-01,-24681.0,202104,regular
503,314,2021-05-01,-24681.0,202105,regular
504,314,2021-06-01,-24681.0,202106,regular
505,314,2021-07-01,-24681.0,202107,regular
506,314,2021-08-01,-24681.0,202108,regular
507,314,2021-09-01,-24681.0,202109,regular
508,314,2021-10-01,-24681.0,202110,regular
509,314,2021-11-01,-24681.0,202111,regular
510,314,2021-12-01,-24681.0,202112,regular
511,316,2021-01-01,-98706.0,202101,regular
512,316,2021-02-01,-98706.0,202102,regular
513,316,2021-03-01,-98706.0,202103,regular
514,316,2021-04-01,-98706.0,202104,regular
515,316,2021-05-01,-98706.0,202105,regular
516,316,2021-06-01,-98706.0,202106,regular
517,316,2021-07-01,-98706.0,202107,regular
518,316,2021-08-01,-98706.0,202108,regular
519,316,2021-09-01,-98706.0,202109,regular
520,316,2021-10-01,-98706.0,202110,regular
521,316,2021-11-01,-98706.0,202111,regular
522,316,2021-12-01,-98706.0,202112,regular
523,365,2022-01-01,-6.0,202201,dinero
524,365,2022-02-01,-6.0,202202,dinero
525,365,2022-03-01,-6.0,202203,dinero
526,365,2022-04-01,-6.0,202204,dinero
527,365,2022-05-01,-6.0,202205,dinero
528,365,2022-06-01,-6.0,202206,dinero
529,365,2022-07-01,-6.0,202207,dinero
530,366,2022-01-01,-246756.0,202201,regular
531,366,2022-02-01,-246756.0,202202,regular
532,366,2022-03-01,-246756.0,202203,regular
533,366,2022-04-01,-246756.0,202204,regular
534,366,2022-05-01,-246756.0,202205,regular
535,366,2022-06-01,-246756.0,202206,regular
536,367,2022-01-01,-176256.0,202201,regular
537,367,2022-02-01,-176256.0,202202,regular
538,367,2022-03-01,-176256.0,202203,regular
539,367,2022-04-01,-176256.0,202204,regular
540,367,2022-05-01,-176256.0,202205,regular
541,367,2022-06-01,-176256.0,202206,regular
542,368,2022-01-01,-141006.0,202201,regular
543,368,2022-02-01,-141006.0,202202,regular
544,368,2022-03-01,-141006.0,202203,regular
545,368,2022-04-01,-141006.0,202204,regular
546,368,2022-05-01,-141006.0,202205,regular
547,368,2022-06-01,-141006.0,202206,regular
548,369,2022-01-01,-77485.5,202201,regular
549,369,2022-02-01,-77485.5,202202,regular
550,369,2022-03-01,-77485.5,202203,regular
551,369,2022-04-01,-77485.5,202204,regular
552,369,2022-05-01,-77485.5,202205,regular
553,369,2022-06-01,-77485.5,202206,regular
554,371,2022-01-01,-98706.0,202201,regular
555,371,2022-02-01,-98706.0,202202,regular
556,371,2022-03-01,-98706.0,202203,regular
557,371,2022-04-01,-98706.0,202204,regular
558,371,2022-05-01,-98706.0,202205,regular
559,371,2022-06-01,-98706.0,202206,regular
560,371,2022-07-01,-98706.0,202207,regular
561,389,2022-07-01,-56406.0,202207,regular
562,389,2022-08-01,-56406.0,202208,regular
563,389,2022-09-01,-56406.0,202209,regular
564,389,2022-10-01,-56406.0,202210,regular
565,389,2022-11-01,-56406.0,202211,regular
566,389,2022-12-01,-56406.0,202212,regular
567,390,2022-07-01,-105756.0,202207,regular
568,390,2022-08-01,-105756.0,202208,regular
569,390,2022-09-01,-105756.0,202209,regular
570,390,2022-10-01,-105756.0,202210,regular
571,390,2022-11-01,-105756.0,202211,regular
572,390,2022-12-01,-105756.0,202212,regular
573,391,2022-07-01,-406720.5,202207,regular
574,391,2022-08-01,-406720.5,202208,regular
575,391,2022-09-01,-406720.5,202209,regular
576,391,2022-10-01,-406720.5,202210,regular
577,391,2022-11-01,-406720.5,202211,regular
578,391,2022-12-01,-406720.5,202212,regular
579,392,2022-07-01,-176256.0,202207,regular
580,392,2022-08-01,-176256.0,202208,regular
581,392,2022-09-01,-176256.0,202209,regular
582,392,2022-10-01,-176256.0,202210,regular
583,392,2022-11-01,-176256.0,202211,regular
584,392,2022-12-01,-176256.0,202212,regular
585,393,2022-07-01,-535735.5,202207,regular
586,393,2022-08-01,-535735.5,202208,regular
587,393,2022-09-01,-535735.5,202209,regular
588,393,2022-10-01,-535735.5,202210,regular
589,393,2022-11-01,-535735.5,202211,regular
590,393,2022-12-01,-535735.5,202212,regular
591,400,2022-08-01,-6.0,202208,dinero
592,400,2022-09-01,-6.0,202209,dinero
593,400,2022-10-01,-6.0,202210,dinero
594,400,2022-11-01,-6.0,202211,dinero
595,400,2022-12-01,-6.0,202212,dinero
596,402,2022-08-01,-56406.0,202208,regular
597,402,2022-09-01,-56406.0,202209,regular
598,402,2022-10-01,-56406.0,202210,regular
599,402,2022-11-01,-56406.0,202211,regular
600,402,2022-12-01,-56406.0,202212,regular
601,424,2023-01-01,-6.0,202301,dinero
602,424,2023-02-01,-6.0,202302,dinero
603,424,2023-03-01,-6.0,202303,dinero
604,424,2023-04-01,-6.0,202304,dinero
605,424,2023-05-01,-6.0,202305,dinero
606,424,2023-06-01,-6.0,202306,dinero
607,424,2023-07-01,-6.0,202307,dinero
608,424,2023-08-01,-6.0,202308,dinero
609,424,2023-09-01,-6.0,202309,dinero
610,424,2023-10-01,-6.0,202310,dinero
611,424,2023-11-01,-6.0,202311,dinero
612,424,2023-12-01,-6.0,202312,dinero
613,425,2023-01-01,-56406.0,202301,regular
614,425,2023-02-01,-56406.0,202302,regular
615,425,2023-03-01,-56406.0,202303,regular
616,425,2023-04-01,-56406.0,202304,regular
617,425,2023-05-01,-56406.0,202305,regular
618,425,2023-06-01,-56406.0,202306,regular
619,425,2023-07-01,-56406.0,202307,regular
620,425,2023-08-01,-56406.0,202308,regular
621,425,2023-09-01,-56406.0,202309,regular
622,425,2023-10-01,-56406.0,202310,regular
623,425,2023-11-01,-56406.0,202311,regular
624,425,2023-12-01,-56406.0,202312,regular
625,426,2023-01-01,-218556.0,202301,regular
626,426,2023-02-01,-218556.0,202302,regular
627,426,2023-03-01,-218556.0,202303,regular
628,426,2023-04-01,-218556.0,202304,regular
629,426,2023-05-01,-218556.0,202305,regular
630,426,2023-06-01,-218556.0,202306,regular
631,426,2023-07-01,-218556.0,202307,regular
632,426,2023-08-01,-218556.0,202308,regular
633,426,2023-09-01,-218556.0,202309,regular
634,426,2023-10-01,-218556.0,202310,regular
635,426,2023-11-01,-218556.0,202311,regular
636,426,2023-12-01,-218556.0,202312,regular
637,427,2023-01-01,-406720.5,202301,regular
638,427,2023-02-01,-406720.5,202302,regular
639,427,2023-03-01,-406720.5,202303,regular
640,427,2023-04-01,-406720.5,202304,regular
641,427,2023-05-01,-406720.5,202305,regular
642,427,2023-06-01,-406720.5,202306,regular
643,427,2023-07-01,-406720.5,202307,regular
644,427,2023-08-01,-406720.5,202308,regular
645,427,2023-09-01,-406720.5,202309,regular
646,427,2023-10-01,-406720.5,202310,regular
647,427,2023-11-01,-406720.5,202311,regular
648,427,2023-12-01,-406720.5,202312,regular
649,428,2023-01-01,-141006.0,202301,regular
650,428,2023-02-01,-141006.0,202302,regular
651,428,2023-03-01,-141006.0,202303,regular
652,428,2023-04-01,-141006.0,202304,regular
653,428,2023-05-01,-141006.0,202305,regular
654,428,2023-06-01,-141006.0,202306,regular
655,428,2023-07-01,-141006.0,202307,regular
656,428,2023-08-01,-141006.0,202308,regular
657,428,2023-09-01,-141006.0,202309,regular
658,428,2023-10-01,-141006.0,202310,regular
659,428,2023-11-01,-141006.0,202311,regular
660,428,2023-12-01,-141006.0,202312,regular
661,429,2023-01-01,-535806.0,202301,regular
662,429,2023-02-01,-535806.0,202302,regular
663,429,2023-03-01,-535806.0,202303,regular
664,429,2023-04-01,-535806.0,202304,regular
665,429,2023-05-01,-535806.0,202305,regular
666,429,2023-06-01,-535806.0,202306,regular
667,429,2023-07-01,-535806.0,202307,regular
668,429,2023-08-01,-535806.0,202308,regular
669,429,2023-09-01,-535806.0,202309,regular
670,429,2023-10-01,-535806.0,202310,regular
671,429,2023-11-01,-535806.0,202311,regular
672,429,2023-12-01,-535806.0,202312,regular
673,431,2023-01-01,-14106.0,202301,regular
674,431,2023-02-01,-14106.0,202302,regular
675,431,2023-03-01,-14106.0,202303,regular
676,431,2023-04-01,-14106.0,202304,regular
677,431,2023-05-01,-14106.0,202305,regular
678,431,2023-06-01,-14106.0,202306,regular
679,431,2023-07-01,-14106.0,202307,regular
680,431,2023-08-01,-14106.0,202308,regular
681,431,2023-09-01,-14106.0,202309,regular
682,431,2023-10-01,-14106.0,202310,regular
683,431,2023-11-01,-14106.0,202311,regular
684,431,2023-12-01,-14106.0,202312,regular
685,485,2024-01-01,-56406.0,202401,regular
686,485,2024-02-01,-56406.0,202402,regular
687,485,2024-03-01,-56406.0,202403,regular
688,485,2024-04-01,-56406.0,202404,regular
689,485,2024-05-01,-56406.0,202405,regular
690,485,2024-06-01,-56406.0,202406,regular
691,485,2024-07-01,-56406.0,202407,regular
692,485,2024-08-01,-56406.0,202408,regular
693,485,2024-09-01,-56406.0,202409,regular
694,485,2024-10-01,-56406.0,202410,regular
695,485,2024-11-01,-56406.0,202411,regular
696,485,2024-12-01,-56406.0,202412,regular
697,486,2024-01-01,-211506.0,202401,regular
698,486,2024-02-01,-211506.0,202402,regular
699,486,2024-03-01,-211506.0,202403,regular
700,486,2024-04-01,-211506.0,202404,regular
701,486,2024-05-01,-211506.0,202405,regular
702,486,2024-06-01,-211506.0,202406,regular
703,486,2024-07-01,-211506.0,202407,regular
704,486,2024-08-01,-211506.0,202408,regular
705,486,2024-09-01,-211506.0,202409,regular
706,486,2024-10-01,-211506.0,202410,regular
707,486,2024-11-01,-211506.0,202411,regular
708,486,2024-12-01,-211506.0,202412,regular
709,487,2024-01-01,-500556.0,202401,regular
710,487,2024-02-01,-500556.0,202402,regular
711,487,2024-03-01,-500556.0,202403,regular
712,487,2024-04-01,-500556.0,202404,regular
713,487,2024-05-01,-500556.0,202405,regular
714,487,2024-06-01,-500556.0,202406,regular
715,487,2024-07-01,-500556.0,202407,regular
716,487,2024-08-01,-500556.0,202408,regular
717,487,2024-09-01,-500556.0,202409,regular
718,487,2024-10-01,-500556.0,202410,regular
719,487,2024-11-01,-500556.0,202411,regular
720,487,2024-12-01,-500556.0,202412,regular
721,488,2024-01-01,-141006.0,202401,regular
722,488,2024-02-01,-141006.0,202402,regular
723,488,2024-03-01,-141006.0,202403,regular
724,488,2024-04-01,-141006.0,202404,regular
725,488,2024-05-01,-141006.0,202405,regular
726,488,2024-06-01,-141006.0,202406,regular
727,488,2024-07-01,-141006.0,202407,regular
728,488,2024-08-01,-141006.0,202408,regular
729,488,2024-09-01,-141006.0,202409,regular
730,488,2024-10-01,-141006.0,202410,regular
731,488,2024-11-01,-141006.0,202411,regular
732,488,2024-12-01,-141006.0,202412,regular
733,489,2024-01-01,-564006.0,202401,regular
734,489,2024-02-01,-564006.0,202402,regular
735,489,2024-03-01,-564006.0,202403,regular
736,489,2024-04-01,-564006.0,202404,regular
737,489,2024-05-01,-564006.0,202405,regular
738,489,2024-06-01,-564006.0,202406,regular
739,489,2024-07-01,-564006.0,202407,regular
740,489,2024-08-01,-564006.0,202408,regular
741,489,2024-09-01,-564006.0,202409,regular
742,489,2024-10-01,-564006.0,202410,regular
743,489,2024-11-01,-564006.0,202411,regular
744,489,2024-12-01,-564006.0,202412,regular
745,490,2024-01-01,-14106.0,202401,regular
746,490,2024-02-01,-14106.0,202402,regular
747,490,2024-03-01,-14106.0,202403,regular
748,490,2024-04-01,-14106.0,202404,regular
749,490,2024-05-01,-14106.0,202405,regular
750,490,2024-06-01,-14106.0,202406,regular
751,490,2024-07-01,-14106.0,202407,regular
752,490,2024-08-01,-14106.0,202408,regular
753,490,2024-09-01,-14106.0,202409,regular
754,490,2024-10-01,-14106.0,202410,regular
755,490,2024-11-01,-14106.0,202411,regular
756,490,2024-12-01,-14106.0,202412,regular
757,535,2025-01-01,-6.0,202501,dinero
758,535,2025-02-01,-6.0,202502,dinero
759,535,2025-03-01,-6.0,202503,dinero
760,535,2025-04-01,-6.0,202504,dinero
761,535,2025-05-01,-6.0,202505,dinero
762,535,2025-06-01,-6.0,202506,dinero
763,535,2025-07-01,-6.0,202507,dinero
764,535,2025-08-01,-6.0,202508,dinero
765,535,2025-09-01,-6.0,202509,dinero
766,535,2025-10-01,-6.0,202510,dinero
767,535,2025-11-01,-6.0,202511,dinero
768,535,2025-12-01,-6.0,202512,dinero
769,536,2025-01-01,-705006.0,202501,regular
770,536,2025-02-01,-705006.0,202502,regular
771,536,2025-03-01,-705006.0,202503,regular
772,536,2025-04-01,-705006.0,202504,regular
773,536,2025-05-01,-705006.0,202505,regular
774,536,2025-06-01,-705006.0,202506,regular
775,537,2025-01-01,-141006.0,202501,regular
776,537,2025-02-01,-141006.0,202502,regular
777,537,2025-03-01,-141006.0,202503,regular
778,537,2025-04-01,-141006.0,202504,regular
779,537,2025-05-01,-141006.0,202505,regular
780,537,2025-06-01,-141006.0,202506,regular
781,538,2025-01-01,-105756.0,202501,regular
782,538,2025-02-01,-105756.0,202502,regular
783,538,2025-03-01,-105756.0,202503,regular
784,538,2025-04-01,-105756.0,202504,regular
785,538,2025-05-01,-105756.0,202505,regular
786,538,2025-06-01,-105756.0,202506,regular
787,539,2025-01-01,-176256.0,202501,regular
788,539,2025-02-01,-176256.0,202502,regular
789,539,2025-03-01,-176256.0,202503,regular
790,539,2025-04-01,-176256.0,202504,regular
791,539,2025-05-01,-176256.0,202505,regular
792,539,2025-06-01,-176256.0,202506,regular
793,540,2025-01-01,-225606.0,202501,regular
794,540,2025-02-01,-225606.0,202502,regular
795,540,2025-03-01,-225606.0,202503,regular
796,540,2025-04-01,-225606.0,202504,regular
797,540,2025-05-01,-225606.0,202505,regular
798,540,2025-06-01,-225606.0,202506,regular
799,542,2025-01-01,-14106.0,202501,regular
800,542,2025-02-01,-14106.0,202502,regular
801,542,2025-03-01,-14106.0,202503,regular
802,542,2025-04-01,-14106.0,202504,regular
803,542,2025-05-01,-14106.0,202505,regular
804,542,2025-06-01,-14106.0,202506,regular
805,556,2025-07-01,-423006.0,202507,regular
806,556,2025-08-01,-423006.0,202508,regular
807,556,2025-09-01,-423006.0,202509,regular
808,556,2025-10-01,-423006.0,202510,regular
809,556,2025-11-01,-423006.0,202511,regular
810,556,2025-12-01,-423006.0,202512,regular
811,557,2025-07-01,-126906.0,202507,regular
812,557,2025-08-01,-126906.0,202508,regular
813,557,2025-09-01,-126906.0,202509,regular
814,557,2025-10-01,-126906.0,202510,regular
815,557,2025-11-01,-126906.0,202511,regular
816,557,2025-12-01,-126906.0,202512,regular
817,558,2025-07-01,-52881.0,202507,regular
818,558,2025-08-01,-52881.0,202508,regular
819,558,2025-09-01,-52881.0,202509,regular
820,558,2025-10-01,-52881.0,202510,regular
821,558,2025-11-01,-52881.0,202511,regular
822,558,2025-12-01,-52881.0,202512,regular
823,559,2025-07-01,-84606.0,202507,regular
824,559,2025-08-01,-84606.0,202508,regular
825,559,2025-09-01,-84606.0,202509,regular
826,559,2025-10-01,-84606.0,202510,regular
827,559,2025-11-01,-84606.0,202511,regular
828,559,2025-12-01,-84606.0,202512,regular
829,560,2025-07-01,-211506.0,202507,regular
830,560,2025-08-01,-211506.0,202508,regular
831,560,2025-09-01,-211506.0,202509,regular
832,560,2025-10-01,-211506.0,202510,regular
833,560,2025-11-01,-211506.0,202511,regular
834,560,2025-12-01,-211506.0,202512,regular
835,561,2025-07-01,-14106.0,202507,regular
836,561,2025-08-01,-14106.0,202508,regular
837,561,2025-09-01,-14106.0,202509,regular
838,561,2025-10-01,-14106.0,202510,regular
839,561,2025-11-01,-14106.0,202511,regular
840,561,2025-12-01,-14106.0,202512,regular
841,569,2026-01-01,-42306.0,202601,regular
842,569,2026-02-01,-42306.0,202602,regular
843,569,2026-03-01,-42306.0,202603,regular
844,569,2026-04-01,-42306.0,202604,regular
845,569,2026-05-01,-42306.0,202605,regular
846,569,2026-06-01,-42306.0,202606,regular
847,569,2026-07-01,-42306.0,202607,regular
848,569,2026-08-01,-42306.0,202608,regular
849,569,2026-09-01,-42306.0,202609,regular
850,569,2026-10-01,-42306.0,202610,regular
851,569,2026-11-01,-42306.0,202611,regular
852,569,2026-12-01,-42306.0,202612,regular
853,570,2026-01-01,-35256.0,202601,regular
854,570,2026-02-01,-35256.0,202602,regular
855,570,2026-03-01,-35256.0,202603,regular
856,570,2026-04-01,-35256.0,202604,regular
857,570,2026-05-01,-35256.0,202605,regular
858,570,2026-06-01,-35256.0,202606,regular
859,570,2026-07-01,-35256.0,202607,regular
860,570,2026-08-01,-35256.0,202608,regular
861,570,2026-09-01,-35256.0,202609,regular
862,570,2026-10-01,-35256.0,202610,regular
863,570,2026-11-01,-35256.0,202611,regular
864,570,2026-12-01,-35256.0,202612,regular
865,571,2026-01-01,-35256.0,202601,regular
866,571,2026-02-01,-35256.0,202602,regular
867,571,2026-03-01,-35256.0,202603,regular
868,571,2026-04-01,-35256.0,202604,regular
869,571,2026-05-01,-35256.0,202605,regular
870,571,2026-06-01,-35256.0,202606,regular
871,571,2026-07-01,-35256.0,202607,regular
872,571,2026-08-01,-35256.0,202608,regular
873,571,2026-09-01,-35256.0,202609,regular
874,571,2026-10-01,-35256.0,202610,regular
875,571,2026-11-01,-35256.0,202611,regular
876,571,2026-12-01,-35256.0,202612,regular
877,572,2026-01-01,-28206.0,202601,regular
878,572,2026-02-01,-28206.0,202602,regular
879,572,2026-03-01,-28206.0,202603,regular
880,572,2026-04-01,-28206.0,202604,regular
881,572,2026-05-01,-28206.0,202605,regular
882,572,2026-06-01,-28206.0,202606,regular
883,572,2026-07-01,-28206.0,202607,regular
884,572,2026-08-01,-28206.0,202608,regular
885,572,2026-09-01,-28206.0,202609,regular
886,572,2026-10-01,-28206.0,202610,regular
887,572,2026-11-01,-28206.0,202611,regular
888,572,2026-12-01,-28206.0,202612,regular
889,573,2026-01-01,-162156.0,202601,regular
890,573,2026-02-01,-162156.0,202602,regular
891,573,2026-03-01,-162156.0,202603,regular
892,573,2026-04-01,-162156.0,202604,regular
893,573,2026-05-01,-162156.0,202605,regular
894,573,2026-06-01,-162156.0,202606,regular
895,573,2026-07-01,-162156.0,202607,regular
896,573,2026-08-01,-162156.0,202608,regular
897,573,2026-09-01,-162156.0,202609,regular
898,573,2026-10-01,-162156.0,202610,regular
899,573,2026-11-01,-162156.0,202611,regular
900,573,2026-12-01,-162156.0,202612,regular
901,574,2026-01-01,-14106.0,202601,regular
902,574,2026-02-01,-14106.0,202602,regular
903,574,2026-03-01,-14106.0,202603,regular
904,574,2026-04-01,-14106.0,202604,regular
905,574,2026-05-01,-14106.0,202605,regular
906,574,2026-06-01,-14106.0,202606,regular
907,574,2026-07-01,-14106.0,202607,regular
908,574,2026-08-01,-14106.0,202608,regular
909,574,2026-09-01,-14106.0,202609,regular
910,574,2026-10-01,-14106.0,202610,regular
911,574,2026-11-01,-14106.0,202611,regular
912,574,2026-12-01,-14106.0,202612,regular
