id,id_viaje,moneda,tipo_cambio
A005725,V064,Yen Japones,66683
A005420,V062,Dolar Americano,678.84
A013881-1,V122,Yen Japones,63334
A010187,V092,Yen Japones,68929
A003904,V047,Dolar Americano,638.14
A014701,V138,Euro,1044.93
A013226,V133,Euro,995.81
A013998,V131,Dolar Americano,948.83
A013900,V122,Yen Japones,62440
A013224,V132,Euro,995.81
A000981,V009,Dolar Americano,691.26
A012590,V108,Euro,941.52
A011069,V100,Euro,903.92
A001419,V013,Dolar Americano,660.25
A001001,V013,Dolar Americano,688.6
A015686,V143,Yen Japones,68408
A009505,V086,Euro,886.13
A007218,V080,Yen Japones,72963
A013917,V122,Yen Japones,61716
A011007,V100,Euro,936.78
A001391,V011,Dolar Americano,674.34
A013109,V113,Euro,982.04
A014213,V118,Dolar Americano,938.78
A005418,V062,Dolar Americano,678.84
A005405,V062,Dolar Americano,677.15
A004872,V052,Dolar Americano,678.23
A013871,V122,Yen Japones,63334
A011908,V101,Euro,868.24
A009487,V086,Euro,896.6
A008741,V084,Dolar Americano,813.2
A001410,V013,Dolar Americano,660.25
A001438,V013,Dolar Americano,660.25
A005819,V066,Euro,785.21
A013152,V113,Euro,973.31
A013892,V122,Yen Japones,63314
A006073,V071,Dolar Americano,774.3
A014028,V133,Euro,1014.49
A014721,V139,Euro,1017.4
A010182,V090,Euro,947.26
A014641,V138,Euro,1033.8
A008718,V083,Yen Japones,71769
A001077,V010,Euro,775.58
A013548,V120,Dolar Americano,966.4
A005354,V062,Dolar Americano,683.33
A013983,V128,Euro,1022.4
A005636,V064,Yen Japones,66492
A014014,V132,Euro,1014.49
A009516,V086,Euro,882.76
A006189,V074,Euro,864.57
A013551,V120,Dolar Americano,966.4
A013230,V122,Yen Japones,62754
A013822-1,V119,Euro,1026.29
A001992,V021,Euro,710.93
A014000,V131,Dolar Americano,948.83
A013807-1,V118,Dolar Americano,954.7
A002038,V021,Euro,712.7
A013964,V125,Dolar Americano,954.44
A007144-2,V080,Yen Japones,72587
A013632,V114,Euro,1061.55
A014184,V115,Dolar Americano,938.78
A006290,V075,Dolar Americano,752.08
A014103,V116,Yen Japones,61354
A006452,V077,Dolar Americano,811.3
A013686,V117,Euro,1049.02
A013944,V123,Dolar Americano,954.44
A011876,V101,Euro,854.57
A005268,V060,Yen Japones,64008
A013943,V123,Dolar Americano,954.44
A013813,V119,Euro,1026.29
A014012,V132,Euro,1014.49
A013567,V122,Yen Japones,64704
A003800,V047,Dolar Americano,631.29
A003102,V038,Euro,770.3
A005637,V064,Yen Japones,66492
A003461,V047,Dolar Americano,598.1
A013143,V115,Dolar Americano,889.6
A005595,V064,Yen Japones,67143
A001424,V013,Dolar Americano,660.25
A013123,V113,Euro,983.81
A005953,V070,Dolar Americano,723.73
A013139,V113,Euro,971.33
A013008,V110,Euro,934.48
A013116,V113,Euro,983.81
A004912,V052,Dolar Americano,680.19
A013767-1,V115,Dolar Americano,940.92
A013084,V113,Euro,945.58
A013560,V122,Yen Japones,64704
A013142,V113,Euro,973.31
A013850,V120,Dolar Americano,964.38
A010997,V100,Euro,929.39
A007219,V080,Yen Japones,72963
A014743,V139,Euro,1017.4
A014216,V119,Euro,1009.94
A010190,V092,Yen Japones,68929
A015648,V143,Yen Japones,67595
A004885,V052,Dolar Americano,678.23
A011005,V100,Euro,936.78
A009494,V086,Euro,893.84
A010191,V092,Yen Japones,68929
A014109,V119,Euro,1009.94
A014139,V123,Dolar Americano,938.78
A013804,V117,Euro,1023.82
A006229,V073,Dolar Americano,756.35
A014185,V115,Dolar Americano,938.78
A013117,V113,Euro,983.81
A013806-1,V118,Dolar Americano,954.7
A013654,V114,Euro,1059.13
A001776,V018,Euro,702.38
A013348,V133,Euro,1024.05
A013691,V115,Dolar Americano,974.2
A013079,V113,Euro,954.58
A015684,V143,Yen Japones,68408
A003885,V047,Dolar Americano,640.27
A013872,V122,Yen Japones,63334
A013805-1,V118,Dolar Americano,954.7
A005687,V064,Yen Japones,66094
A014259,V122,Yen Japones,61354
A013997,V131,Dolar Americano,948.83
A013777-1,V116,Yen Japones,61984
A013861-1,V121,Dolar Americano,978.2
A003782,V046,Yen Japones,57111
A011008,V100,Euro,936.78
A010171,V089,Yen Japones,68929
A011036,V100,Euro,921.36
A010162,V089,Yen Japones,68929
A015693,V143,Yen Japones,68408
A013828,V119,Euro,1026.29
A013347,V132,Euro,1024.05
A013910,V122,Yen Japones,61716
A008759,V084,Dolar Americano,813.2
A014754,V139,Euro,1021.28
A014031,V133,Euro,1014.49
A014753,V139,Euro,1021.28
A015530,V143,Yen Japones,63163
A013848-1,V120,Dolar Americano,964.38
A011894,V101,Euro,861.83
A013899,V122,Yen Japones,63314
A003024,V032,Dolar Americano,625.92
A013547,V119,Euro,1055.89
A003889,V047,Dolar Americano,639.95
A013110,V113,Euro,982.04
A003903,V047,Dolar Americano,638.14
A001349,V011,Dolar Americano,662
A014616,V134,Yen Japones,59767
A011053,V100,Euro,915.17
A013960-1,V125,Dolar Americano,954.44
A010183,V090,Euro,947.26
A013819,V119,Euro,1026.29
A001076,V010,Euro,775.58
A013745,V119,Euro,1027.32
A010184,V091,Dolar Americano,944.05
A001394,V012,Yen Japones,65981
A010545,V097,Euro,928.62
A003895,V047,Dolar Americano,638.14
A005264,V060,Yen Japones,64008
A015652,V143,Yen Japones,67595
A014016,V132,Euro,1014.49
A013919,V123,Dolar Americano,954.44
A001432,V013,Dolar Americano,660.25
A015643,V143,Yen Japones,67595
A013700,V119,Euro,1049.02
A011939,V101,Euro,863.26
A013922,V123,Dolar Americano,954.44
A014116,V121,Dolar Americano,938.78
A011935,V101,Euro,863.26
A011006,V100,Euro,936.78
A009461,V086,Euro,895.19
A002013,V021,Euro,710.93
A013863,V121,Dolar Americano,979.9
A013777,V116,Yen Japones,61984
A015687,V143,Yen Japones,68408
A003197,V047,Dolar Americano,619.6
A011058,V100,Euro,907.32
A013832,V119,Euro,1026.29
A014658,V138,Euro,1034.62
A008724,V083,Yen Japones,71769
A013421,V119,Euro,1038.71
A013897,V122,Yen Japones,63314
A015476,V143,Yen Japones,63125
A015497,V143,Yen Japones,63453
A003144,V038,Euro,771.25
A013521,V116,Yen Japones,65764
A013239,V120,Dolar Americano,909.5
A001395,V012,Yen Japones,65981
A008715,V083,Yen Japones,71769
A013816-1,V119,Euro,1026.29
A006274,V074,Euro,835.55
A005723,V064,Yen Japones,66683
A015651,V143,Yen Japones,67595
A013562,V122,Yen Japones,64704
A010839,V099,Euro,954.42
A006077,V071,Dolar Americano,774.3
A014720,V139,Euro,1017.4
A014735,V139,Euro,1017.4
A007225,V080,Yen Japones,72963
A011090,V100,Euro,895.09
A006296,V075,Dolar Americano,751.5
A013969,V127,Yen Japones,61453
A013781-1,V116,Yen Japones,61984
A013967,V125,Dolar Americano,954.44
A006300,V075,Dolar Americano,751.5
A013100,V113,Euro,982.04
A008739,V084,Dolar Americano,813.2
A014288,V133,Euro,1009.94
A013923,V123,Dolar Americano,954.44
A008751,V084,Dolar Americano,813.2
A008320,V082,Dolar Americano,732.6
A002004,V021,Euro,710.93
A009489,V086,Euro,893.84
A013825,V119,Euro,1026.29
A013706,V122,Yen Japones,64274
A010981,V100,Euro,909.84
A004905,V052,Dolar Americano,679.38
A014748,V139,Euro,1017.4
A013340,V119,Euro,1024.05
A013344,V123,Dolar Americano,953.4
A006269,V074,Euro,827.1
A013229,V122,Yen Japones,62754
A002002,V021,Euro,710.93
A009522,V086,Euro,882.76
A014157,V127,Yen Japones,61354
A013865,V121,Dolar Americano,979.9
A005717,V064,Yen Japones,66683
A000219,V002,Dolar Americano,678
A004906,V052,Dolar Americano,679.38
A011052,V100,Euro,915.17
A009479,V086,Euro,894.03
A013815,V119,Euro,1026.29
A014231,V120,Dolar Americano,938.78
A011017,V100,Euro,943.05
A001993,V021,Euro,710.93
A003888,V047,Dolar Americano,639.95
A013784-1,V116,Yen Japones,61984
A003773,V046,Yen Japones,57111
A003729,V047,Dolar Americano,632.49
A010542,V097,Euro,929.81
A013219,V128,Euro,995.81
A003780,V046,Yen Japones,57111
A010188,V092,Yen Japones,68929
A005739,V066,Euro,796.62
A008712,V083,Yen Japones,71769
A011089,V100,Euro,895.09
A013518,V126,Yen Japones,65764
A013794-1,V116,Yen Japones,62263
A003908,V047,Dolar Americano,638.14
A013766-1,V115,Dolar Americano,940.92
A005825,V066,Euro,785.21
A001446,V013,Dolar Americano,660.25
A010540,V097,Euro,929.81
A014734,V139,Euro,1017.4
A011033,V100,Euro,921.36
A014206,V116,Yen Japones,61354
A008322,V082,Dolar Americano,732.6
A014235,V120,Dolar Americano,938.78
A013701,V120,Dolar Americano,974.2
A013564,V122,Yen Japones,64704
A008709,V083,Yen Japones,71769
A013973,V127,Yen Japones,61453
A004878,V052,Dolar Americano,678.23
A015531,V143,Yen Japones,63163
A013890,V122,Yen Japones,63314
A003914,V047,Dolar Americano,638.14
A013601,V132,Euro,1033.35
A009457,V086,Euro,895.19
A013841,V120,Dolar Americano,964.38
A006104,V074,Euro,898.32
A013984-1,V128,Euro,1022.4
A014253,V122,Yen Japones,61354
A014243,V122,Yen Japones,61354
A009490,V086,Euro,893.84
A013237,V128,Euro,995.81
A002010,V021,Euro,710.93
A004887,V052,Dolar Americano,678.23
A009474,V086,Euro,894.03
A004643,V052,Dolar Americano,655.41
A001495,V021,Euro,745.69
A001414,V013,Dolar Americano,660.25
A014725,V139,Euro,1017.4
A001452,V013,Dolar Americano,660.25
A005724,V064,Yen Japones,66683
A003323,V047,Dolar Americano,608.99
A013874,V122,Yen Japones,63334
A010531,V097,Euro,922.55
A013852,V120,Dolar Americano,978.2
A014273,V123,Dolar Americano,938.78
A013894-1,V122,Yen Japones,63314
A005948,V070,Dolar Americano,723.73
A014719,V139,Euro,1017.4
A014172,V132,Euro,1009.94
A013968,V126,Yen Japones,61453
A013644,V114,Euro,1059.13
A011893,V101,Euro,861.83
A003892,V047,Dolar Americano,638.14
A011032,V100,Euro,921.36
A001008,V013,Dolar Americano,695.5
A013773-1,V116,Yen Japones,61984
A014169,V131,Dolar Americano,938.78
A013845,V120,Dolar Americano,964.38
A013075,V113,Euro,954.58
A009521,V086,Euro,882.76
A014202,V116,Yen Japones,61354
A013880,V122,Yen Japones,63334
A001431,V013,Dolar Americano,660.25
A014144,V123,Dolar Americano,938.78
A013950-1,V123,Dolar Americano,954.44
A009495,V086,Euro,893.84
A004983,V053,Yen Japones,59620
A006079,V071,Dolar Americano,774.3
A011086,V100,Euro,895.09
A010166,V089,Yen Japones,68929
A010979,V100,Euro,909.84
A014106,V119,Euro,1009.94
A013763,V115,Dolar Americano,944
A006267,V074,Euro,827.1
A004968,V053,Yen Japones,59505
A013821,V119,Euro,1026.29
A013351,V129,Yen Japones,64116
A006008,V074,Euro,826.88
A014162,V131,Dolar Americano,938.78
A013797,V116,Yen Japones,62263
A013624,V114,Euro,1061.55
A013563,V122,Yen Japones,64704
A014238,V121,Dolar Americano,938.78
A003907,V047,Dolar Americano,638.14
A011019,V100,Euro,943.05
A009491,V086,Euro,893.84
A014099,V115,Dolar Americano,938.78
A013556,V120,Dolar Americano,955.61
A005099,V057,Yen Japones,60896
A013148,V113,Euro,973.31
A005828,V066,Euro,785.21
A013243,V116,Yen Japones,62754
A015695,V143,Yen Japones,67763
A013145,V113,Euro,973.31
A013774-1,V116,Yen Japones,61984
A004860,V052,Dolar Americano,678.23
A005826,V066,Euro,785.21
A015670,V143,Yen Japones,67562
A011888,V101,Euro,857.63
A001439,V013,Dolar Americano,660.25
A015676,V143,Yen Japones,67762
A001079,V010,Euro,775.58
A013101,V113,Euro,982.04
A001080,V010,Euro,775.58
A014278,V127,Yen Japones,61354
A014131,V122,Yen Japones,61354
A009478,V086,Euro,894.03
A001425,V013,Dolar Americano,660.25
A014274,V123,Dolar Americano,938.78
A005707,V064,Yen Japones,66683
A013856,V121,Dolar Americano,978.2
A004892,V052,Dolar Americano,678.23
A005265,V060,Yen Japones,64008
A011040,V100,Euro,931.43
A013122,V113,Euro,983.81
A013652,V114,Euro,1059.13
A015689,V143,Yen Japones,68408
A015674,V143,Yen Japones,67762
A013354,V120,Dolar Americano,953.4
A008631,V084,Dolar Americano,810.9
A004971,V053,Yen Japones,59505
A013081,V113,Euro,945.58
A005688,V064,Yen Japones,65926
A010509,V095,Euro,947.2
A011022,V100,Euro,943.05
A015690,V143,Yen Japones,68408
A013240,V120,Dolar Americano,909.5
A003899,V047,Dolar Americano,638.14
A014041,V133,Euro,1009.19
A011900,V101,Euro,864.35
A014290,V133,Euro,1009.94
A014161,V128,Euro,1009.94
A013575,V125,Dolar Americano,955.61
A004868,V052,Dolar Americano,678.23
A013698,V119,Euro,1049.02
A014727,V139,Euro,1017.4
A011030,V100,Euro,921.36
A013811-1,V118,Dolar Americano,954.7
A005952,V070,Dolar Americano,723.73
A013878,V122,Yen Japones,63334
A013699,V119,Euro,1049.02
A013660,V114,Euro,1056.01
A013996,V131,Dolar Americano,948.83
A013982,V128,Euro,1022.4
A002480,V024,Euro,754.23
A015532,V143,Yen Japones,63163
A013802-1,V117,Euro,1023.82
A013802,V117,Euro,1023.82
A011891,V101,Euro,861.83
A013916,V122,Yen Japones,61716
A013783,V116,Yen Japones,61984
A013834-1,V119,Euro,1026.29
A013934,V123,Dolar Americano,954.44
A013012,V115,Dolar Americano,858.74
A011882,V101,Euro,854.57
A003781,V046,Yen Japones,57111
A013935,V123,Dolar Americano,954.44
A013988-1,V128,Euro,1015.79
A014018,V132,Euro,1014.49
A004856,V052,Dolar Americano,667.03
A013823,V119,Euro,1026.29
A013602,V132,Euro,1033.35
A013811,V118,Dolar Americano,954.7
A013942,V123,Dolar Americano,954.44
A014656,V138,Euro,1034.62
A005726,V064,Yen Japones,66683
A011042,V100,Euro,931.43
A011100,V100,Euro,895.62
A014119,V122,Yen Japones,61354
A014019,V132,Euro,1014.49
A007237,V080,Yen Japones,73981
A006453,V077,Dolar Americano,811.3
A003157,V040,Dolar Americano,638.1
A001407,V013,Dolar Americano,660.25
A002005,V021,Euro,710.93
A015665,V143,Yen Japones,67562
A008752,V084,Dolar Americano,813.2
A014233,V120,Dolar Americano,938.78
A013907-1,V122,Yen Japones,61716
A008565,V084,Dolar Americano,784.68
A014207,V116,Yen Japones,61354
A000985,V009,Dolar Americano,691.26
A001988,V021,Euro,710.93
A013593,V131,Dolar Americano,944.13
A013717,V125,Dolar Americano,974.2
A015647,V143,Yen Japones,67595
A006075,V071,Dolar Americano,774.3
A013242,V123,Dolar Americano,909.5
A001417,V013,Dolar Americano,660.25
A005951,V070,Dolar Americano,723.73
A005403,V062,Dolar Americano,677.15
A013558,V121,Dolar Americano,955.61
A011018,V100,Euro,943.05
A013886,V122,Yen Japones,63314
A015475,V143,Yen Japones,63125
A014258,V122,Yen Japones,61354
A011023,V100,Euro,943.05
A010172,V089,Yen Japones,68929
A005699,V064,Yen Japones,66683
A013559,V122,Yen Japones,64704
A014004,V131,Dolar Americano,948.83
A013169,V113,Euro,1002.57
A011081,V100,Euro,895.67
A005709,V064,Yen Japones,66683
A011915,V101,Euro,855.45
A013827,V119,Euro,1026.29
A013572,V124,Euro,1043.91
A014006,V131,Dolar Americano,948.83
A013940,V123,Dolar Americano,954.44
A013106,V113,Euro,982.04
A015496,V143,Yen Japones,63453
A014732,V139,Euro,1017.4
A015495,V143,Yen Japones,63453
A013799,V116,Yen Japones,62263
A013011,V115,Dolar Americano,858.74
A014192,V116,Yen Japones,61354
A011087,V100,Euro,895.09
A004972,V053,Yen Japones,59505
A013993,V131,Dolar Americano,948.83
A013788,V116,Yen Japones,61984
A013418,V117,Euro,1040.03
A009493,V086,Euro,893.84
A013209,V119,Euro,998.56
A013662,V114,Euro,1056.41
A013957,V125,Dolar Americano,954.44
A015471,V143,Yen Japones,63008
A006449,V077,Dolar Americano,811.3
A013220,V128,Euro,995.81
A000265,V003,Dolar Americano,691.07
A013760,V115,Dolar Americano,948.15
A008748,V084,Dolar Americano,813.2
A001997,V021,Euro,710.93
A015456,V143,Yen Japones,62537
A009500,V086,Euro,886.13
A004970,V053,Yen Japones,59505
A013779,V116,Yen Japones,61984
A013150,V113,Euro,973.31
A013928,V123,Dolar Americano,954.44
A006259,V075,Dolar Americano,751.34
A003926,V047,Dolar Americano,646.09
A014171,V132,Euro,1009.94
A013212,V120,Dolar Americano,910.26
A013112,V113,Euro,981.77
A000213,V002,Dolar Americano,678
A011037,V100,Euro,931.43
A008722,V083,Yen Japones,71769
A013166,V113,Euro,1002.57
A011887,V101,Euro,857.63
A013238,V128,Euro,995.81
A013222,V129,Yen Japones,62754
A005664,V074,Euro,785.85
A005267,V060,Yen Japones,64008
A013476,V122,Yen Japones,64232
A003919,V047,Dolar Americano,638.14
A013849-1,V120,Dolar Americano,964.38
A013493,V115,Dolar Americano,964.32
A005700,V064,Yen Japones,66683
A003922,V047,Dolar Americano,638.14
A015898,V144,Euro,1096.04
A013840,V119,Euro,1026.29
A013780-1,V116,Yen Japones,61984
A011092,V100,Euro,895.09
A006260,V075,Dolar Americano,751.34
A011056,V100,Euro,907.32
A010844,V099,Euro,970.32
A006280,V074,Euro,835.55
A013092,V113,Euro,966.5
A011079,V100,Euro,895.67
A013921,V123,Dolar Americano,954.44
A013527,V119,Euro,1055.89
A013129,V113,Euro,977.65
A008317,V082,Dolar Americano,732.6
A013824,V119,Euro,1026.29
A010530,V097,Euro,922.55
A005714,V064,Yen Japones,66683
A014003,V131,Dolar Americano,948.83
A009492,V086,Euro,893.84
A001441,V013,Dolar Americano,660.25
A001396,V013,Dolar Americano,674.34
A014214,V118,Dolar Americano,938.78
A009511,V086,Euro,882.76
A011074,V100,Euro,909.83
A011034,V100,Euro,921.36
A013979,V128,Euro,1022.4
A014196,V116,Yen Japones,61354
A011057,V100,Euro,907.32
A015639,V143,Yen Japones,67595
A002003,V021,Euro,710.93
A006001,V068,Dolar Americano,740.6
A013954,V124,Euro,1016.86
A009496,V086,Euro,893.84
A014122,V122,Yen Japones,61354
A013007,V110,Euro,934.48
A014200,V116,Yen Japones,61354
A014135,V122,Yen Japones,61354
A007228,V080,Yen Japones,72963
A011922,V101,Euro,855.45
A005719,V064,Yen Japones,66683
A013836-1,V119,Euro,1026.29
A014030,V133,Euro,1014.49
A013782-1,V116,Yen Japones,61984
A013232,V121,Dolar Americano,909.5
A013990-1,V129,Yen Japones,61126
A009512,V086,Euro,882.76
A015672,V143,Yen Japones,67562
A015656,V143,Yen Japones,67595
A004902,V052,Dolar Americano,679.38
A001779,V018,Euro,702.38
A013817,V119,Euro,1026.29
A004684,V052,Dolar Americano,657.62
A008742,V084,Dolar Americano,813.2
A001426,V013,Dolar Americano,660.25
A004862,V052,Dolar Americano,678.23
A013646,V114,Euro,1059.13
A001418,V013,Dolar Americano,660.25
A014141,V123,Dolar Americano,938.78
A006277,V074,Euro,835.55
A011072,V100,Euro,909.83
A013472,V114,Euro,1045.03
A008738,V084,Dolar Americano,813.2
A013819-1,V119,Euro,1026.29
A011917,V101,Euro,855.45
A015677,V143,Yen Japones,67762
A013156,V113,Euro,987.55
A013631,V114,Euro,1061.55
A003881,V047,Dolar Americano,640.27
A004849,V052,Dolar Americano,667.03
A013157,V113,Euro,1002.57
A005942,V068,Dolar Americano,723.8
A004901,V052,Dolar Americano,679.38
A013231,V121,Dolar Americano,909.5
A009453,V086,Euro,895.19
A006001-1,V070,Dolar Americano,740.6
A008314,V082,Dolar Americano,732.6
A013519,V126,Yen Japones,65764
A013810,V118,Dolar Americano,954.7
A013960,V125,Dolar Americano,954.44
A013528,V119,Euro,1055.89
A013341,V120,Dolar Americano,953.4
A005822,V066,Euro,785.21
A013599,V132,Euro,1033.35
A000217,V002,Dolar Americano,678
A008323,V082,Dolar Americano,732.6
A013810-1,V118,Dolar Americano,954.7
A006454,V077,Dolar Americano,811.3
A013933-1,V123,Dolar Americano,954.44
A008725,V083,Yen Japones,71769
A005708,V064,Yen Japones,66683
A014017,V132,Euro,1014.49
A011011,V100,Euro,936.78
A006289,V075,Dolar Americano,752.08
A013844,V120,Dolar Americano,964.38
A003778,V046,Yen Japones,57111
A013128,V113,Euro,977.65
A000830,V008,Dolar Americano,680.45
A001420,V013,Dolar Americano,660.25
A005712,V064,Yen Japones,66683
A014265,V123,Dolar Americano,938.78
A010838,V099,Euro,954.42
A013126,V113,Euro,977.65
A002000,V021,Euro,710.93
A014187,V116,Yen Japones,61354
A015688,V143,Yen Japones,68408
A014205,V116,Yen Japones,61354
A013920-1,V123,Dolar Americano,954.44
A005593,V064,Yen Japones,67143
A009501,V086,Euro,886.13
A013887-1,V122,Yen Japones,63314
A013233,V129,Yen Japones,62754
A009520,V086,Euro,882.76
A014203,V116,Yen Japones,61354
A001393,V011,Dolar Americano,674.34
A003776,V046,Yen Japones,57111
A014256,V122,Yen Japones,61354
A013146,V113,Euro,973.31
A013962,V125,Dolar Americano,954.44
A011912,V101,Euro,855.45
A014035-1,V133,Euro,1014.49
A013650,V114,Euro,1059.13
A014276,V125,Dolar Americano,938.78
A014487,V139,Euro,998.36
A008647,V084,Dolar Americano,824
A009503,V086,Euro,886.13
A007226,V080,Yen Japones,72963
A011064,V100,Euro,907.32
A009525,V086,Euro,882.76
A004910,V052,Dolar Americano,680.19
A015668,V143,Yen Japones,67562
A013569,V124,Euro,1043.91
A012763,V113,Euro,987.32
A013915,V122,Yen Japones,61716
A013210,V119,Euro,998.56
A001428,V013,Dolar Americano,660.25
A003850,V047,Dolar Americano,634.35
A003890,V047,Dolar Americano,639.95
A015666,V143,Yen Japones,67562
A014078,V133,Euro,1022.72
A013875,V122,Yen Japones,63334
A014219,V119,Euro,1009.94
A012948,V115,Dolar Americano,884.92
A002008,V021,Euro,710.93
A013978,V128,Euro,1022.4
A004857,V052,Dolar Americano,667.03
A003023,V032,Dolar Americano,625.92
A013907,V122,Yen Japones,61716
A005722,V064,Yen Japones,66683
A014164,V131,Dolar Americano,938.78
A011012,V100,Euro,936.78
A008708,V083,Yen Japones,71769
A004854,V052,Dolar Americano,667.03
A014123,V122,Yen Japones,61354
A014194,V116,Yen Japones,61354
A013914-1,V122,Yen Japones,61716
A013877,V122,Yen Japones,63334
A003339,V047,Dolar Americano,602.15
A011028,V100,Euro,923.31
A011046,V100,Euro,922.74
A001778,V018,Euro,702.38
A013167,V113,Euro,1002.57
A012591,V108,Euro,941.52
A013970,V127,Yen Japones,61453
A015897,V144,Euro,1096.04
A003872,V047,Dolar Americano,632.47
A001390,V011,Dolar Americano,674.34
A013955,V124,Euro,1016.86
A013902-1,V122,Yen Japones,62440
A014140,V123,Dolar Americano,938.78
A009458,V086,Euro,895.19
A005701,V064,Yen Japones,66683
A005939,V068,Dolar Americano,723.8
A013935-1,V123,Dolar Americano,954.44
A013989,V129,Yen Japones,61126
A009510,V086,Euro,882.76
A008740,V084,Dolar Americano,813.2
A014113,V120,Dolar Americano,938.78
A004898,V052,Dolar Americano,678.23
A009472,V086,Euro,895.19
A015472,V143,Yen Japones,63008
A015457,V143,Yen Japones,62537
A015642,V143,Yen Japones,67595
A008319,V082,Dolar Americano,732.6
A013866,V121,Dolar Americano,979.9
A013130,V113,Euro,977.65
A013859,V121,Dolar Americano,978.2
A014647,V138,Euro,1033.8
A001453,V013,Dolar Americano,660.25
A010512,V095,Euro,947.2
A006458,V077,Dolar Americano,811.3
A005710,V064,Yen Japones,66683
A001082,V010,Euro,775.58
A009473,V086,Euro,895.19
A007224,V080,Yen Japones,72963
A005402,V062,Dolar Americano,677.15
A014026,V133,Euro,1014.49
A004973,V053,Yen Japones,59505
A013936,V123,Dolar Americano,954.44
A004864,V052,Dolar Americano,678.23
A003779,V046,Yen Japones,57111
A014212,V118,Dolar Americano,938.78
A010510,V095,Euro,947.2
A001000,V013,Dolar Americano,688.6
A011009,V100,Euro,936.78
A010996,V100,Euro,929.39
A013995,V131,Dolar Americano,948.83
A013486,V115,Dolar Americano,964.32
A013905,V122,Yen Japones,62440
A006278,V074,Euro,835.55
A004969,V053,Yen Japones,59505
A013933,V123,Dolar Americano,954.44
A013487,V115,Dolar Americano,964.32
A001774,V018,Euro,702.38
A014142,V123,Dolar Americano,938.78
A014159,V128,Euro,1009.94
A013098,V113,Euro,966.5
A013839-1,V119,Euro,1026.29
A011907,V101,Euro,868.24
A015646,V143,Yen Japones,67595
A011916,V101,Euro,855.45
A011091,V100,Euro,895.09
A008719,V083,Yen Japones,71769
A008707,V083,Yen Japones,71769
A005269,V060,Yen Japones,64008
A013946,V123,Dolar Americano,954.44
A013791,V116,Yen Japones,61984
A013779-1,V116,Yen Japones,61984
A013636,V114,Euro,1061.23
A014147,V123,Dolar Americano,938.78
A013879,V122,Yen Japones,63334
A013628,V114,Euro,1061.55
A004975,V053,Yen Japones,59505
A013695,V116,Yen Japones,64274
A013689,V122,Yen Japones,64274
A006456,V077,Dolar Americano,811.3
A010547,V097,Euro,928.62
A007223,V080,Yen Japones,72963
A014015,V132,Euro,1014.49
A001387,V011,Dolar Americano,674.34
A015895,V144,Euro,1096.04
A005935,V068,Dolar Americano,723.8
A005821,V066,Euro,785.21
A014199,V116,Yen Japones,61354
A013854,V123,Dolar Americano,978.2
A013795,V116,Yen Japones,62263
A013629,V114,Euro,1061.55
A013980,V128,Euro,1022.4
A013525,V119,Euro,1055.89
A013087,V113,Euro,945.58
A002482,V024,Euro,754.23
A015637,V143,Yen Japones,67595
A005400,V062,Dolar Americano,677.15
A008711,V083,Yen Japones,71769
A014034,V133,Euro,1014.49
A010173,V089,Yen Japones,68929
A005954,V070,Dolar Americano,723.73
A013850-1,V120,Dolar Americano,964.38
A009497,V086,Euro,886.13
A010167,V089,Yen Japones,68929
A009466,V086,Euro,895.19
A013720,V131,Dolar Americano,974.2
A001981,V021,Euro,712.75
A013642-1,V114,Euro,1059.13
A013949-1,V123,Dolar Americano,954.44
A013633,V114,Euro,1061.55
A014033,V133,Euro,1014.49
A006285,V074,Euro,842.1
A005702,V064,Yen Japones,66683
A013497,V130,Euro,1050.5
A009469,V086,Euro,895.19
A004863,V052,Dolar Americano,678.23
A011076,V100,Euro,906.17
A010982,V100,Euro,909.84
A014741,V139,Euro,1017.4
A015640,V143,Yen Japones,67595
A013981,V128,Euro,1022.4
A010513,V095,Euro,947.2
A000263,V003,Dolar Americano,691.07
A009459,V086,Euro,895.19
A013713,V125,Dolar Americano,974.2
A015680,V143,Yen Japones,68408
A004881,V052,Dolar Americano,678.23
A013141,V113,Euro,971.33
A013419,V117,Euro,1040.03
A013659-1,V114,Euro,1059.13
A005827,V066,Euro,785.21
A013794,V116,Yen Japones,62263
A013798,V116,Yen Japones,62263
A011026,V100,Euro,939.88
A001075,V010,Euro,775.58
A008713,V083,Yen Japones,71769
A014201,V116,Yen Japones,61354
A014173,V132,Euro,1009.94
A011044,V100,Euro,922.74
A013816,V119,Euro,1026.29
A003022,V032,Dolar Americano,625.92
A013019,V110,Euro,939.1
A011936,V101,Euro,863.26
A015894,V144,Euro,1096.04
A013903,V122,Yen Japones,62440
A011897,V101,Euro,864.35
A014013,V132,Euro,1014.49
A008757,V084,Dolar Americano,813.2
A001427,V013,Dolar Americano,660.25
A001083,V010,Euro,775.58
A014747,V139,Euro,1017.4
A014188,V116,Yen Japones,61354
A003303,V047,Dolar Americano,606.54
A013787,V116,Yen Japones,61984
A015683,V143,Yen Japones,68408
A013649,V114,Euro,1059.13
A013570,V124,Euro,1043.91
A014285,V129,Yen Japones,61354
A006009,V074,Euro,826.88
A014277,V127,Yen Japones,61354
A013566,V122,Yen Japones,64704
A015696,V143,Yen Japones,67892
A013704,V120,Dolar Americano,974.2
A013546,V119,Euro,1055.89
A014636,V138,Euro,1029.42
A013958,V125,Dolar Americano,954.44
A004870,V052,Dolar Americano,678.23
A011095,V100,Euro,895.09
A003891,V047,Dolar Americano,638.14
A015653,V143,Yen Japones,67595
A013974,V127,Yen Japones,61453
A004909,V052,Dolar Americano,679.38
A004904,V052,Dolar Americano,679.38
A014229,V119,Euro,1009.94
A005705,V064,Yen Japones,66683
A013951-1,V123,Dolar Americano,954.44
A001447,V013,Dolar Americano,660.25
A003771,V046,Yen Japones,57111
A010841,V099,Euro,954.42
A013809,V118,Dolar Americano,954.7
A006287,V075,Dolar Americano,752.08
A013244,V116,Yen Japones,62754
A007230,V080,Yen Japones,72963
A000266,V003,Dolar Americano,691.07
A014107,V119,Euro,1009.94
A014637,V138,Euro,1033.8
A013217,V123,Dolar Americano,909.5
A005721,V064,Yen Japones,66683
A011940,V101,Euro,863.26
A014744,V139,Euro,1017.4
A005944,V068,Dolar Americano,723.8
A013492,V115,Dolar Americano,964.32
A014005,V131,Dolar Americano,948.83
A008744,V084,Dolar Americano,813.2
A013882,V122,Yen Japones,63334
A013523,V119,Euro,1055.89
A014227,V119,Euro,1009.94
A013225,V133,Euro,995.81
A013064,V113,Euro,947.19
A011071,V100,Euro,909.83
A009470,V086,Euro,895.19
A001506,V021,Euro,735.8
A000220,V002,Dolar Americano,678
A003145,V038,Euro,771.25
A009454,V086,Euro,895.19
A010846,V100,Euro,970.32
A010998,V100,Euro,932.38
A013168,V113,Euro,1002.57
A005823,V066,Euro,785.21
A005697,V064,Yen Japones,66683
A003909,V047,Dolar Americano,638.14
A003322,V047,Dolar Americano,608.99
A004911,V052,Dolar Americano,680.19
A015625,V143,Yen Japones,66340
A013759,V115,Dolar Americano,948.15
A011933,V101,Euro,863.26
A010514,V095,Euro,947.2
A013154,V113,Euro,973.31
A014657,V138,Euro,1034.62
A013561,V122,Yen Japones,64704
A013925,V123,Dolar Americano,954.44
A007144-1,V080,Yen Japones,72587
A004897,V052,Dolar Americano,678.23
A014268,V123,Dolar Americano,938.78
A011065,V100,Euro,907.32
A004867,V052,Dolar Americano,678.23
A010185,V091,Dolar Americano,944.05
A010174,V089,Yen Japones,68929
A001493,V013,Dolar Americano,669.35
A014617,V134,Yen Japones,59767
A013839,V119,Euro,1026.29
A003171,V038,Euro,748.44
A003898,V047,Dolar Americano,638.14
A011031,V100,Euro,921.36
A004848,V052,Dolar Americano,667.03
A014010,V132,Euro,1014.49
A013793,V116,Yen Japones,62263
A003730,V047,Dolar Americano,632.49
A013790-1,V116,Yen Japones,61984
A010176,V089,Yen Japones,68929
A001444,V013,Dolar Americano,660.25
A013834,V119,Euro,1026.29
A013931,V123,Dolar Americano,954.44
A001429,V013,Dolar Americano,660.25
A013927,V123,Dolar Americano,954.44
A003913,V047,Dolar Americano,638.14
A010840,V099,Euro,954.42
A013824-1,V119,Euro,1026.29
A013086,V113,Euro,945.58
A014262,V123,Dolar Americano,938.78
A013901,V122,Yen Japones,62440
A011068,V100,Euro,903.92
A014126,V122,Yen Japones,61354
A013984,V128,Euro,1022.4
A011038,V100,Euro,931.43
A013160,V113,Euro,1002.57
A014267,V123,Dolar Americano,938.78
A003918,V047,Dolar Americano,638.14
A014132,V122,Yen Japones,61354
A014120,V122,Yen Japones,61354
A005639,V064,Yen Japones,66492
A005263,V060,Yen Japones,64008
A015638,V143,Yen Japones,67595
A013769,V115,Dolar Americano,940.92
A013127,V113,Euro,977.65
A004876,V052,Dolar Americano,678.23
A005596,V064,Yen Japones,67143
A001646,V021,Euro,716.05
A010189,V092,Yen Japones,68929
A001123,V013,Dolar Americano,684
A001423,V013,Dolar Americano,660.25
A011078,V100,Euro,895.67
A013170,V113,Euro,1002.57
A014038-1,V133,Euro,1014.49
A015697,V143,Yen Japones,67892
A013836,V119,Euro,1026.29
A014105,V117,Euro,1009.94
A013590,V125,Dolar Americano,944.13
A003905,V047,Dolar Americano,638.14
A008755,V084,Dolar Americano,813.2
A011083,V100,Euro,895.67
A013941,V123,Dolar Americano,954.44
A004900,V052,Dolar Americano,679.38
A014025,V133,Euro,1014.49
A013591,V129,Yen Japones,63892
A008313,V082,Dolar Americano,732.6
A013991,V129,Yen Japones,61126
A008746,V084,Dolar Americano,813.2
A005255,V060,Yen Japones,64008
A001448,V013,Dolar Americano,660.25
A005720,V064,Yen Japones,66683
A003338,V047,Dolar Americano,602.15
A013124,V113,Euro,978.78
A010421,V099,Euro,924.31
A001705,V018,Euro,698.95
A011909,V101,Euro,868.24
A011051,V100,Euro,915.17
A014587,V139,Euro,1014.85
A009471,V086,Euro,895.19
A005640,V064,Yen Japones,66492
A002012,V021,Euro,710.93
A013082,V113,Euro,945.58
A014260,V122,Yen Japones,61354
A014222,V119,Euro,1009.94
A014152,V124,Euro,1009.94
A013784,V116,Yen Japones,61984
A009527,V086,Euro,882.76
A014237,V121,Dolar Americano,938.78
A014114,V123,Dolar Americano,938.78
A001822,V021,Euro,688.97
A013693,V124,Euro,1049.02
A013855,V121,Dolar Americano,978.2
A013814,V119,Euro,1026.29
A013911,V122,Yen Japones,61716
A014038,V133,Euro,1014.49
A014167,V131,Dolar Americano,938.78
A014722,V139,Euro,1017.4
A013571,V124,Euro,1043.91
A009464,V086,Euro,895.19
A003462,V047,Dolar Americano,606.01
A014275,V125,Dolar Americano,938.78
A014154,V125,Dolar Americano,938.78
A014279,V128,Euro,1009.94
A013091,V113,Euro,966.5
A008315,V082,Dolar Americano,732.6
A014166,V131,Dolar Americano,938.78
A000267,V003,Dolar Americano,691.07
A011000,V100,Euro,932.38
A005266,V060,Yen Japones,64008
A005716,V064,Yen Japones,66683
A010168,V089,Yen Japones,68929
A015470,V143,Yen Japones,63008
A014304,V129,Yen Japones,59461
A014266,V123,Dolar Americano,938.78
A013878-1,V122,Yen Japones,63334
A011066,V100,Euro,907.32
A011928,V101,Euro,861.48
A013577,V125,Dolar Americano,955.61
A001494,V021,Euro,745.69
A009507,V086,Euro,886.13
A013096,V113,Euro,966.5
A014186,V116,Yen Japones,61354
A010543,V097,Euro,929.81
A013881,V122,Yen Japones,63334
A004845,V052,Dolar Americano,665.5
A013789-1,V116,Yen Japones,61984
A013808,V118,Dolar Americano,954.7
A005832,V066,Euro,785.21
A013774,V116,Yen Japones,61984
A005410,V062,Dolar Americano,677.15
A014248,V122,Yen Japones,61354
A013900-1,V122,Yen Japones,62440
A001078,V010,Euro,775.58
A014182,V115,Dolar Americano,938.78
A013578,V125,Dolar Americano,955.61
A008726,V083,Yen Japones,71769
A013950,V123,Dolar Americano,954.44
A010980,V100,Euro,909.84
A014700,V139,Euro,1044.93
A011914,V101,Euro,855.45
A014024-1,V132,Euro,1014.49
A013342,V121,Dolar Americano,953.4
A001443,V013,Dolar Americano,660.25
A006110,V074,Euro,898.32
A014183,V115,Dolar Americano,938.78
A013785-1,V116,Yen Japones,61984
A011039,V100,Euro,931.43
A009467,V086,Euro,895.19
A013870,V122,Yen Japones,63334
A013880-1,V122,Yen Japones,63334
A014220,V119,Euro,1009.94
A014218,V119,Euro,1009.94
A004853,V052,Dolar Americano,667.03
A001987,V021,Euro,710.93
A014257,V122,Yen Japones,61354
A014284,V129,Yen Japones,61354
A014638,V138,Euro,1033.8
A013093,V113,Euro,966.5
A013153,V113,Euro,973.31
A006279,V074,Euro,835.55
A005947,V070,Dolar Americano,723.73
A005829,V066,Euro,785.21
A013520,V116,Yen Japones,65764
A013855-1,V121,Dolar Americano,978.2
A015644,V143,Yen Japones,67595
A013088,V113,Euro,953.47
A013818-1,V119,Euro,1026.29
A013696,V119,Euro,1049.02
A014176,V132,Euro,1009.94
A014537,V134,Yen Japones,58887
A010445,V099,Euro,919.95
A013952,V124,Euro,1016.86
A014190,V116,Yen Japones,61354
A013966,V125,Dolar Americano,954.44
A009513,V086,Euro,882.76
A014726,V139,Euro,1017.4
A010422,V099,Euro,924.31
A005938,V068,Dolar Americano,723.8
A013722,V132,Euro,1049.02
A015679,V143,Yen Japones,67762
A014007-1,V132,Euro,1018
A013925-1,V123,Dolar Americano,954.44
A005662,V064,Yen Japones,66607
A013719,V131,Dolar Americano,974.2
A015627,V143,Yen Japones,66340
A013278,V114,Euro,991.35
A006295,V075,Dolar Americano,751.5
A001998,V021,Euro,710.93
A013862,V121,Dolar Americano,979.9
A015675,V143,Yen Japones,67762
A011067,V100,Euro,903.92
A013140,V113,Euro,971.33
A013992-1,V129,Yen Japones,61126
A004895,V052,Dolar Americano,678.23
A014731,V139,Euro,1017.4
A014269,V123,Dolar Americano,938.78
A001406,V013,Dolar Americano,660.25
A014246,V122,Yen Japones,61354
A013869,V122,Yen Japones,63334
A014649,V138,Euro,1033.8
A014730,V139,Euro,1017.4
A013083,V113,Euro,945.58
A011093,V100,Euro,895.09
A011088,V100,Euro,895.09
A004908,V052,Dolar Americano,679.38
A013928-1,V123,Dolar Americano,954.44
A014746,V139,Euro,1017.4
A014645,V138,Euro,1033.8
A012592,V108,Euro,941.52
A015692,V143,Yen Japones,68408
A001009,V013,Dolar Americano,695.5
A008564,V084,Dolar Americano,784.68
A003893,V047,Dolar Americano,638.14
A003028,V033,Yen Japones,55903
A011991,V103,Euro,846.33
A003783,V046,Yen Japones,57111
A008745,V084,Dolar Americano,813.2
A013065,V113,Euro,947.19
A014251,V122,Yen Japones,61354
A009504,V086,Euro,886.13
A014102,V116,Yen Japones,61354
A013989-1,V129,Yen Japones,61126
A004888,V052,Dolar Americano,678.23
A014108,V119,Euro,1009.94
A001659,V016,Euro,692.77
A014022,V132,Euro,1014.49
A013565,V122,Yen Japones,64704
A014211,V118,Dolar Americano,938.78
A010193,V092,Yen Japones,68929
A014155,V126,Yen Japones,61354
A003768,V046,Yen Japones,57111
A014247,V122,Yen Japones,61354
A013119,V113,Euro,983.81
A014250,V122,Yen Japones,61354
A014191,V116,Yen Japones,61354
A013113,V113,Euro,981.77
A013987,V128,Euro,1022.4
A006266,V074,Euro,827.1
A007231,V080,Yen Japones,72963
A013901-1,V122,Yen Japones,62440
A005713,V064,Yen Japones,66683
A015655,V143,Yen Japones,67595
A013961-1,V125,Dolar Americano,954.44
A013838,V119,Euro,1026.29
A014280,V128,Euro,1009.94
A006297,V075,Dolar Americano,751.5
A013873,V122,Yen Japones,63334
A013078,V113,Euro,954.58
A013965,V125,Dolar Americano,954.44
A013235,V119,Euro,995.81
A011001,V100,Euro,932.38
A013080,V113,Euro,945.58
A000218,V002,Dolar Americano,678
A013579,V128,Euro,1043.91
A011919,V101,Euro,855.45
A014733,V139,Euro,1017.4
A013877-1,V122,Yen Japones,63334
A003140,V037,Euro,771.25
A013236,V119,Euro,995.81
A011910,V101,Euro,868.24
A004414,V052,Dolar Americano,668.08
A014737,V139,Euro,1017.4
A013891,V122,Yen Japones,63314
A013765,V115,Dolar Americano,940.92
A006074,V071,Dolar Americano,774.3
A013553,V120,Dolar Americano,966.4
A001386,V011,Dolar Americano,674.34
A014642,V138,Euro,1033.8
A015891,V144,Euro,1093.46
A013919-1,V123,Dolar Americano,954.44
A013988,V128,Euro,1015.79
A008749,V084,Dolar Americano,813.2
A001416,V013,Dolar Americano,660.25
A003882,V047,Dolar Americano,640.27
A001991,V021,Euro,710.93
A014755,V139,Euro,1021.28
A013847-1,V120,Dolar Americano,964.38
A015657,V143,Yen Japones,67595
A013887,V122,Yen Japones,63314
A005642,V064,Yen Japones,66492
A006299,V075,Dolar Americano,751.5
A000268,V003,Dolar Americano,691.07
A001073,V010,Euro,775.58
A001430,V013,Dolar Americano,660.25
A005406,V062,Dolar Americano,677.15
A014242,V122,Yen Japones,61354
A013343,V122,Yen Japones,64116
A013529,V119,Euro,1055.89
A010169,V089,Yen Japones,68929
A014124,V122,Yen Japones,61354
A014115,V121,Dolar Americano,938.78
A001440,V013,Dolar Americano,660.25
A008721,V083,Yen Japones,71769
A002015,V021,Euro,710.93
A013115,V113,Euro,983.81
A013963,V125,Dolar Americano,954.44
A013846-1,V120,Dolar Americano,964.38
A000983,V009,Dolar Americano,691.26
A014133,V122,Yen Japones,61354
A009486,V086,Euro,896.6
A013783-1,V116,Yen Japones,61984
A015660,V143,Yen Japones,67595
A005096,V057,Yen Japones,60896
A014271,V123,Dolar Americano,938.78
A011045,V100,Euro,922.74
A013764-1,V115,Dolar Americano,940.92
A005261,V060,Yen Japones,64008
A014210,V118,Dolar Americano,938.78
A013640,V114,Euro,1059.13
A013356,V116,Yen Japones,64116
A013785,V116,Yen Japones,61984
A013550,V120,Dolar Americano,966.4
A008756,V084,Dolar Americano,813.2
A003029,V033,Yen Japones,55903
A013121,V113,Euro,983.81
A011099,V100,Euro,895.62
A013858,V121,Dolar Americano,978.2
A013986,V128,Euro,1022.4
A013625,V114,Euro,1061.55
A004855,V052,Dolar Americano,667.03
A001775,V018,Euro,702.38
A013812,V118,Dolar Americano,954.7
A001989,V021,Euro,710.93
A013806,V118,Dolar Americano,954.7
A014723,V139,Euro,1017.4
A014289,V133,Euro,1009.94
A005407,V062,Dolar Americano,677.15
A013216,V122,Yen Japones,62754
A013938,V123,Dolar Americano,954.44
A010165,V089,Yen Japones,68929
A013223,V132,Euro,995.81
A000980,V013,Dolar Americano,691.26
A014239,V121,Dolar Americano,938.78
A008710,V083,Yen Japones,71769
A003143,V038,Euro,771.25
A005257,V060,Yen Japones,64008
A013857-1,V121,Dolar Americano,978.2
A014286,V132,Euro,1009.94
A013898,V122,Yen Japones,63314
A005419,V062,Dolar Americano,678.84
A000984,V009,Dolar Americano,691.26
A013857,V121,Dolar Americano,978.2
A013423,V116,Yen Japones,64091
A001999,V021,Euro,710.93
A006078,V071,Dolar Americano,774.3
A013893,V122,Yen Japones,63314
A013951,V123,Dolar Americano,954.44
A013918,V123,Dolar Americano,954.44
A005706,V064,Yen Japones,66683
A001409,V013,Dolar Americano,660.25
A014254,V122,Yen Japones,61354
A001996,V021,Euro,710.93
A013596,V131,Dolar Americano,944.13
A008736,V084,Dolar Americano,813.2
A009480,V086,Euro,894.03
A015661,V143,Yen Japones,67595
A013915-1,V122,Yen Japones,61716
A013690,V115,Dolar Americano,974.2
A014193,V116,Yen Japones,61354
A010163,V089,Yen Japones,68929
A011024,V100,Euro,939.88
A013924,V123,Dolar Americano,954.44
A003894,V047,Dolar Americano,638.14
A006273,V074,Euro,835.55
A004055,V047,Dolar Americano,637.12
A012353,V106,Euro,922.82
A013920,V123,Dolar Americano,954.44
A003879,V047,Dolar Americano,640.27
A014745,V139,Euro,1017.4
A009462,V086,Euro,895.19
A013934-1,V123,Dolar Americano,954.44
A013513,V124,Euro,1050.5
A013339,V116,Yen Japones,64116
A005698,V064,Yen Japones,66683
A008747,V084,Dolar Americano,813.2
A014195,V116,Yen Japones,61354
A015662,V143,Yen Japones,67562
A013647,V114,Euro,1059.13
A013635,V114,Euro,1059.44
A010177,V089,Yen Japones,68929
A013809-1,V118,Dolar Americano,954.7
A013111,V113,Euro,981.77
A005098,V057,Yen Japones,60896
A015691,V143,Yen Japones,68408
A013860-1,V121,Dolar Americano,978.2
A010538,V097,Euro,922.55
A008324,V082,Dolar Americano,732.6
A013908,V122,Yen Japones,61716
A005095,V057,Yen Japones,60896
A015667,V143,Yen Japones,67562
A013776,V116,Yen Japones,61984
A015645,V143,Yen Japones,67595
A005398,V062,Dolar Americano,677.15
A013345,V128,Euro,1024.05
A015669,V143,Yen Japones,67562
A014104,V116,Yen Japones,61354
A014001,V131,Dolar Americano,948.83
A009455,V086,Euro,895.19
A011016,V100,Euro,936.78
A011923,V101,Euro,855.45
A014198,V116,Yen Japones,61354
A001768,V018,Euro,702.38
A013820-1,V119,Euro,1026.29
A013709,V122,Yen Japones,64274
A010511,V095,Euro,947.2
A014261,V122,Yen Japones,61354
A013929,V123,Dolar Americano,954.44
A006294,V075,Dolar Americano,751.5
A001985,V021,Euro,710.93
A013766,V115,Dolar Americano,940.92
A003775,V046,Yen Japones,57111
A013125,V113,Euro,977.65
A003141,V037,Euro,771.25
A004491,V052,Dolar Americano,683.49
A010837,V099,Euro,954.42
A003156,V040,Dolar Americano,638.1
A013796-1,V116,Yen Japones,62263
A013657,V114,Euro,1059.13
A013147,V113,Euro,973.31
A008321,V082,Dolar Americano,732.6
A002483,V024,Euro,754.23
A001385,V011,Dolar Americano,674.34
A005940,V068,Dolar Americano,723.8
A013876,V122,Yen Japones,63334
A005260,V060,Yen Japones,64008
A013522,V119,Euro,1055.89
A009524,V086,Euro,882.76
A013991-1,V129,Yen Japones,61126
A013094,V113,Euro,966.5
A011084,V100,Euro,895.67
A013833,V119,Euro,1026.29
A001434,V013,Dolar Americano,660.25
A014148,V123,Dolar Americano,938.78
A013687,V119,Euro,1049.02
A013868-1,V122,Yen Japones,63334
A012348,V106,Euro,912.85
A011002,V100,Euro,932.38
A015636,V143,Yen Japones,67595
A014208,V116,Yen Japones,61354
A013711,V124,Euro,1049.02
A014101,V115,Dolar Americano,938.78
A013158,V113,Euro,1002.57
A015682,V143,Yen Japones,68408
A005703,V064,Yen Japones,66683
A013241,V123,Dolar Americano,909.5
A010180,V090,Euro,947.26
A013090,V113,Euro,966.5
A011062,V100,Euro,907.32
A014118,V121,Dolar Americano,938.78
A014282,V129,Yen Japones,61354
A014121,V122,Yen Japones,61354
A010196,V093,Euro,947.26
A013702,V120,Dolar Americano,974.2
A012937,V115,Dolar Americano,884.92
A003884,V047,Dolar Americano,640.27
A014160,V128,Euro,1009.94
A013868,V122,Yen Japones,63334
A013076,V113,Euro,954.58
A001436,V013,Dolar Americano,660.25
A013708,V122,Yen Japones,64274
A014303,V129,Yen Japones,59461
A014008,V132,Euro,1014.49
A013350,V121,Dolar Americano,953.4
A003030,V033,Yen Japones,55903
A013656,V114,Euro,1059.13
A013643,V114,Euro,1059.13
A013796,V116,Yen Japones,62263
A013514,V124,Euro,1050.5
A013789,V116,Yen Japones,61984
A013597,V131,Dolar Americano,944.13
A013580,V128,Euro,1043.91
A006105,V074,Euro,898.32
A014009,V132,Euro,1014.49
A001422,V013,Dolar Americano,660.25
A002001,V021,Euro,710.93
A011098,V100,Euro,895.62
A013895,V122,Yen Japones,63314
A005594,V064,Yen Japones,67143
A013710,V122,Yen Japones,64274
A013953,V124,Euro,1016.86
A013827-1,V119,Euro,1026.29
A014264,V123,Dolar Americano,938.78
A014170,V132,Euro,1009.94
A010504,V095,Euro,944.84
A004851,V052,Dolar Americano,667.03
A013346,V129,Yen Japones,64116
A014287,V132,Euro,1009.94
A013971,V127,Yen Japones,61453
A015659,V143,Yen Japones,67595
A013882-1,V122,Yen Japones,63334
A013574,V125,Dolar Americano,955.61
A010507,V095,Euro,947.2
A014224,V119,Euro,1009.94
A003897,V047,Dolar Americano,638.14
A011020,V100,Euro,943.05
A011055,V100,Euro,912.63
A011029,V100,Euro,923.31
A001074,V010,Euro,775.58
A013688,V116,Yen Japones,64274
A011061,V100,Euro,907.32
A006450,V077,Dolar Americano,811.3
A013557,V121,Dolar Americano,955.61
A001437,V013,Dolar Americano,660.25
A010170,V089,Yen Japones,68929
A013155,V113,Euro,973.31
A006457,V077,Dolar Americano,811.3
A005409,V062,Dolar Americano,677.15
A003021,V032,Dolar Americano,625.92
A015678,V143,Yen Japones,67762
A014007,V132,Euro,1018
A003147,V039,Euro,771.25
A008566,V084,Dolar Americano,784.68
A013843,V120,Dolar Americano,964.38
A007222,V080,Yen Japones,72963
A011063,V100,Euro,907.32
A014011,V132,Euro,1014.49
A013630,V114,Euro,1061.55
A009499,V086,Euro,886.13
A013526,V119,Euro,1055.89
A013852-1,V120,Dolar Americano,978.2
A013807,V118,Dolar Americano,954.7
A013818,V119,Euro,1026.29
A009523,V086,Euro,882.76
A003770,V046,Yen Japones,57111
A013498,V130,Euro,1050.5
A013791-1,V116,Yen Japones,61984
A012334,V106,Euro,915.44
A006286,V074,Euro,842.1
A013975-1,V128,Euro,1022.4
A013891-1,V122,Yen Japones,63314
A013135,V113,Euro,971.81
A004850,V052,Dolar Americano,667.03
A000214,V002,Dolar Americano,678
A013598,V131,Dolar Americano,944.13
A014163,V131,Dolar Americano,938.78
A013945,V123,Dolar Americano,954.44
A014082,V133,Euro,1022.72
A006275,V074,Euro,835.55
A003243,V042,Dolar Americano,614.65
A013422,V116,Yen Japones,64091
A013661,V114,Euro,1056.41
A002009,V021,Euro,710.93
A014177,V132,Euro,1009.94
A005643,V064,Yen Japones,66492
A009460,V086,Euro,895.19
A011993,V103,Euro,846.33
A000212,V002,Dolar Americano,678
A003139,V037,Euro,771.25
A005711,V064,Yen Japones,66683
A014223,V119,Euro,1009.94
A013120,V113,Euro,983.81
A003920,V047,Dolar Americano,638.14
A014728,V139,Euro,1017.4
A014625,V136,Euro,1030.95
A013639,V114,Euro,1059.13
A006451,V077,Dolar Americano,811.3
A010192,V092,Yen Japones,68929
A013823-1,V119,Euro,1026.29
A015478,V143,Yen Japones,63125
A014686,V138,Euro,1020.26
A013947,V123,Dolar Americano,954.44
A013761,V115,Dolar Americano,944
A013712,V124,Euro,1049.02
A013883-1,V122,Yen Japones,63334
A011913,V101,Euro,855.45
A001451,V013,Dolar Americano,660.25
A005094,V057,Yen Japones,60896
A007229,V080,Yen Japones,72963
A001442,V013,Dolar Americano,660.25
A010537,V097,Euro,922.55
A003772,V046,Yen Japones,57111
A011921,V101,Euro,855.45
A008758,V084,Dolar Americano,813.2
A014023,V132,Euro,1014.49
A006076,V071,Dolar Americano,774.3
A005404,V062,Dolar Americano,677.15
A004866,V052,Dolar Americano,678.23
A008568,V084,Dolar Americano,784.68
A002016,V021,Euro,710.93
A006282,V074,Euro,835.55
A014149,V123,Dolar Americano,938.78
A007236,V080,Yen Japones,73981
A001706,V018,Euro,698.95
A001433,V013,Dolar Americano,660.25
A004640,V052,Dolar Americano,663.53
A014143,V123,Dolar Americano,938.78
A009509,V086,Euro,886.13
A009502,V086,Euro,886.13
A015650,V143,Yen Japones,67595
A013552,V120,Dolar Americano,966.4
A013549,V120,Dolar Americano,966.4
A013889,V122,Yen Japones,63314
A008633,V084,Dolar Americano,810.9
A001412,V013,Dolar Americano,660.25
A003784,V046,Yen Japones,57111
A013912,V122,Yen Japones,61716
A013136,V113,Euro,971.81
A009498,V086,Euro,886.13
A014270,V123,Dolar Americano,938.78
A009519,V086,Euro,882.76
A005259,V060,Yen Japones,64008
A003020,V032,Dolar Americano,625.92
A013149,V113,Euro,973.31
A014255,V122,Yen Japones,61354
A005638,V064,Yen Japones,66492
A006283,V074,Euro,835.55
A009506,V086,Euro,886.13
A015628,V143,Yen Japones,66340
A013074,V113,Euro,954.58
A011015,V100,Euro,936.78
A001421,V013,Dolar Americano,660.25
A014232,V120,Dolar Americano,938.78
A013896,V122,Yen Japones,63314
A004907,V052,Dolar Americano,679.38
A013792-1,V116,Yen Japones,61984
A014128,V122,Yen Japones,61354
A008716,V083,Yen Japones,71769
A013972,V127,Yen Japones,61453
A013768,V115,Dolar Americano,940.92
A013352,V119,Euro,1024.05
A003799,V047,Dolar Americano,631.29
A009465,V086,Euro,895.19
A013992,V129,Yen Japones,61126
A001084,V010,Euro,775.58
A014145,V123,Dolar Americano,938.78
A014100,V115,Dolar Americano,938.78
A008723,V083,Yen Japones,71769
A005936,V068,Dolar Americano,723.8
A005831,V066,Euro,785.21
A013782,V116,Yen Japones,61984
A013885,V122,Yen Japones,63314
A001728,V021,Euro,700.58
A005408,V062,Dolar Americano,677.15
A013999,V131,Dolar Americano,948.83
A003785,V047,Dolar Americano,629.22
A009475,V086,Euro,894.03
A000216,V002,Dolar Americano,678
A013903-1,V122,Yen Japones,62440
A003025,V032,Dolar Americano,625.92
A013948,V123,Dolar Americano,954.44
A005641,V064,Yen Japones,66492
A013651,V114,Euro,1059.13
A005941,V068,Dolar Americano,723.8
A011990,V103,Euro,846.33
A008717,V083,Yen Japones,71769
A013884,V122,Yen Japones,63334
A006276,V074,Euro,835.55
A014204,V116,Yen Japones,61354
A013218,V123,Dolar Americano,909.5
A014272,V123,Dolar Americano,938.78
A013721,V131,Dolar Americano,974.2
A003769,V046,Yen Japones,57111
A004391,V052,Dolar Americano,673.46
A010181,V090,Euro,947.26
A011920,V101,Euro,855.45
A013627,V114,Euro,1061.55
A004852,V052,Dolar Americano,667.03
A014221,V119,Euro,1009.94
A007227,V080,Yen Japones,72963
A013961,V125,Dolar Americano,954.44
A009508,V086,Euro,886.13
A014644,V138,Euro,1033.8
A013894,V122,Yen Japones,63314
A015473,V143,Yen Japones,63008
A013914,V122,Yen Japones,61716
A006291,V075,Dolar Americano,751.5
A013638,V114,Euro,1059.13
A003751,V046,Yen Japones,57363
A013864,V121,Dolar Americano,979.9
A015664,V143,Yen Japones,67562
A013909,V122,Yen Japones,61716
A013714,V125,Dolar Americano,974.2
A015654,V143,Yen Japones,67595
A001413,V013,Dolar Americano,660.25
A013930-1,V123,Dolar Americano,954.44
A006268,V074,Euro,827.1
A013939,V123,Dolar Americano,954.44
A013645,V114,Euro,1059.13
A013724,V122,Yen Japones,64274
A013831,V119,Euro,1026.29
A014136,V122,Yen Japones,61354
A013994,V131,Dolar Americano,948.83
A007216,V080,Yen Japones,72963
A006455,V077,Dolar Americano,811.3
A001388,V011,Dolar Americano,674.34
A013848,V120,Dolar Americano,964.38
A011054,V100,Euro,915.17
A013959,V125,Dolar Americano,954.44
A008632,V084,Dolar Americano,810.9
A013795-1,V116,Yen Japones,62263
A014130,V122,Yen Japones,61354
A013694,V126,Yen Japones,64274
A009463,V086,Euro,895.19
A006261,V075,Dolar Americano,751.34
A013906-1,V122,Yen Japones,61716
A013659,V114,Euro,1059.13
A013775,V116,Yen Japones,61984
A013626,V114,Euro,1061.55
A013473,V114,Euro,1045.03
A004847,V052,Dolar Americano,667.03
A002014,V021,Euro,710.93
A011059,V100,Euro,907.32
A014263,V123,Dolar Americano,938.78
A009483,V086,Euro,896.6
A004893,V052,Dolar Americano,678.23
A013849,V120,Dolar Americano,964.38
A006270,V074,Euro,827.1
A013767,V115,Dolar Americano,940.92
A013975,V128,Euro,1022.4
A011035,V100,Euro,921.36
A013937,V123,Dolar Americano,954.44
A005262,V060,Yen Japones,64008
A015649,V143,Yen Japones,67595
A009456,V086,Euro,895.19
A011904,V101,Euro,868.24
A005824,V066,Euro,785.21
A010194,V093,Euro,947.26
A013867,V122,Yen Japones,63334
A013879-1,V122,Yen Japones,63334
A005401,V062,Dolar Americano,677.15
A013776-1,V116,Yen Japones,61984
A001415,V013,Dolar Americano,660.25
A011004,V100,Euro,936.78
A003911,V047,Dolar Americano,638.14
A013976,V128,Euro,1022.4
A003900,V047,Dolar Americano,638.14
A005258,V060,Yen Japones,64008
A014138,V123,Dolar Americano,938.78
A015477,V143,Yen Japones,63125
A013860,V121,Dolar Americano,978.2
A003146,V038,Euro,771.25
A013956,V124,Euro,1016.86
A014156,V127,Yen Japones,61354
A013861,V121,Dolar Americano,978.2
A011101,V100,Euro,895.62
A011877,V101,Euro,854.57
A013718,V129,Yen Japones,64274
A000982,V009,Dolar Americano,691.26
A013641,V114,Euro,1059.13
A009517,V086,Euro,882.76
A003896,V047,Dolar Americano,638.14
A003198,V047,Dolar Americano,619.6
A014189,V116,Yen Japones,61354
A013764,V115,Dolar Americano,940.92
A013608,V122,Yen Japones,63162
A004880,V052,Dolar Americano,678.23
A013765-1,V115,Dolar Americano,940.92
A015694,V143,Yen Japones,67763
A014252,V122,Yen Japones,61354
A006271,V074,Euro,835.55
A013913,V122,Yen Japones,61716
A005256,V060,Yen Japones,64008
A011992,V103,Euro,846.33
A008318,V082,Dolar Americano,732.6
A009477,V086,Euro,894.03
A013524,V119,Euro,1055.89
A010814,V099,Euro,919.7
A013208,V116,Yen Japones,62651
A006298,V075,Dolar Americano,751.5
A014178,V133,Euro,1009.94
A005696,V064,Yen Japones,66683
A005704,V064,Yen Japones,66683
A014179,V133,Euro,1009.94
A011798,V101,Euro,888.61
A011025,V100,Euro,939.88
A014002,V131,Dolar Americano,948.83
A013114,V113,Euro,983.81
A001031,V013,Dolar Americano,687.7
A010546,V097,Euro,928.62
A011073,V100,Euro,909.83
A009468,V086,Euro,895.19
A011082,V100,Euro,895.67
A004871,V052,Dolar Americano,678.23
A014245,V122,Yen Japones,61354
A013758,V115,Dolar Americano,948.15
A003027,V033,Yen Japones,55903
A014749,V139,Euro,1017.4
A014750,V139,Euro,1017.4
A013930,V123,Dolar Americano,954.44
A015458,V143,Yen Japones,62537
A014168,V131,Dolar Americano,938.78
A013805,V118,Dolar Americano,954.7
A013077,V113,Euro,954.58
A004884,V052,Dolar Americano,678.23
A003777,V046,Yen Japones,57111
A014129,V122,Yen Japones,61354
A013778,V116,Yen Japones,61984
A014226,V119,Euro,1009.94
A010178,V090,Euro,947.26
A013815-1,V119,Euro,1026.29
A013099,V113,Euro,966.5
A014615,V134,Yen Japones,59767
A014024,V132,Euro,1014.49
A013213,V121,Dolar Americano,910.26
A013853,V123,Dolar Americano,978.2
A001449,V013,Dolar Americano,660.25
A006293,V075,Dolar Americano,751.5
A011021,V100,Euro,943.05
A003880,V047,Dolar Americano,640.27
A013716,V128,Euro,1049.02
A005399,V062,Dolar Americano,677.15
A014150,V124,Euro,1009.94
A013780,V116,Yen Japones,61984
A013151,V113,Euro,973.31
A013786,V116,Yen Japones,61984
A013355,V123,Dolar Americano,953.4
A014281,V128,Euro,1009.94
A003244,V042,Dolar Americano,614.65
A013592,V129,Yen Japones,63892
A014036,V133,Euro,1014.49
A013977,V128,Euro,1022.4
A004865,V052,Dolar Americano,678.23
A003910,V047,Dolar Americano,638.14
A001435,V013,Dolar Americano,660.25
A014613,V134,Yen Japones,59248
A010541,V097,Euro,929.81
A004858,V052,Dolar Americano,667.03
A013475,V122,Yen Japones,64232
A005830,V066,Euro,785.21
A011041,V100,Euro,931.43
A004877,V052,Dolar Americano,678.23
A001081,V010,Euro,775.58
A011080,V100,Euro,895.67
A013847,V120,Dolar Americano,964.38
A013107,V113,Euro,982.04
A013609,V122,Yen Japones,63162
A005949,V070,Dolar Americano,723.73
A005955,V070,Dolar Americano,723.73
A011934,V101,Euro,863.26
A003750,V046,Yen Japones,57363
A008750,V084,Dolar Americano,813.2
A002006,V021,Euro,710.93
A001994,V021,Euro,710.93
A003026,V032,Dolar Americano,625.92
A006301,V075,Dolar Americano,751.5
A007217,V080,Yen Japones,72963
A003138,V038,Euro,771.25
A012938,V115,Dolar Americano,884.92
A004894,V052,Dolar Americano,678.23
A011996,V103,Euro,867.23
A013658,V114,Euro,1059.13
A009518,V086,Euro,882.76
A011013,V100,Euro,936.78
A014180,V133,Euro,1009.94
A014077,V133,Euro,1022.72
A008635,V084,Dolar Americano,810.9
A015671,V143,Yen Japones,67562
A014234,V120,Dolar Americano,938.78
A011898,V101,Euro,864.35
A014165,V131,Dolar Americano,938.78
A013775-1,V116,Yen Japones,61984
A010999,V100,Euro,932.38
A012470,V114,Euro,946.04
A011892,V101,Euro,861.83
A011003,V100,Euro,932.38
A013846,V120,Dolar Americano,964.38
A014029,V133,Euro,1014.49
A014739,V139,Euro,1017.4
A014738,V139,Euro,1017.4
A014230,V119,Euro,1009.94
A014639,V138,Euro,1033.8
A014215,V118,Dolar Americano,938.78
A009476,V086,Euro,894.03
A014249,V122,Yen Japones,61354
A014036-1,V133,Euro,1014.49
A008754,V084,Dolar Americano,813.2
A013207,V116,Yen Japones,62651
A013773,V116,Yen Japones,61984
A011896,V101,Euro,864.35
A007215,V080,Yen Japones,72963
A008312,V082,Dolar Americano,732.6
A006230,V073,Dolar Americano,756.35
A013932-1,V123,Dolar Americano,954.44
A013931-1,V123,Dolar Americano,954.44
A006281,V074,Euro,835.55
A004903,V052,Dolar Americano,679.38
A012594,V108,Euro,944.61
A014724,V139,Euro,1017.4
A006284,V074,Euro,835.55
A001411,V013,Dolar Americano,660.25
A013349,V122,Yen Japones,64116
A013932,V123,Dolar Americano,954.44
A003142,V038,Euro,771.25
A014111,V120,Dolar Americano,938.78
A003906,V047,Dolar Americano,638.14
A013949,V123,Dolar Americano,954.44
A011077,V100,Euro,906.17
A002007,V021,Euro,710.93
A014736,V139,Euro,1017.4
A013085,V113,Euro,945.58
A008634,V084,Dolar Americano,810.9
A014241,V122,Yen Japones,61354
A010845,V099,Euro,970.32
A013808-1,V118,Dolar Americano,954.7
A013420,V119,Euro,1038.71
A005715,V064,Yen Japones,66683
A003921,V047,Dolar Americano,638.14
A013594,V131,Dolar Americano,944.13
A011895,V101,Euro,864.35
A013211,V120,Dolar Americano,910.26
A013703,V120,Dolar Americano,974.2
A009526,V086,Euro,882.76
A014228,V119,Euro,1009.94
A012762,V110,Euro,987.32
A014174,V132,Euro,1009.94
A013715,V125,Dolar Americano,974.2
A004861,V052,Dolar Americano,678.23
A005644,V064,Yen Japones,66492
A015641,V143,Yen Japones,67595
A014740,V139,Euro,1017.4
A013800,V116,Yen Japones,62263
A004886,V052,Dolar Americano,678.23
A013214,V121,Dolar Americano,910.26
A010175,V089,Yen Japones,68929
A001408,V013,Dolar Americano,660.25
A004869,V052,Dolar Americano,678.23
A004899,V052,Dolar Americano,679.38
A001389,V011,Dolar Americano,674.34
A013888,V122,Yen Japones,63314
A011906,V101,Euro,868.24
A014083,V133,Euro,1022.72
A013573,V125,Dolar Americano,955.61
A010164,V089,Yen Japones,68929
A013883,V122,Yen Japones,63334
A013707,V122,Yen Japones,64274
A004879,V052,Dolar Americano,678.23
A013906,V122,Yen Japones,61716
A006292,V075,Dolar Americano,751.5
A013108,V113,Euro,982.04
A013904,V122,Yen Japones,62440
A013589,V125,Dolar Americano,944.13
A008674,V084,Dolar Americano,814.83
A005950,V070,Dolar Americano,723.73
A004873,V052,Dolar Americano,678.23
A015663,V143,Yen Japones,67562
A013829,V119,Euro,1026.29
A010848,V099,Euro,964.34
A009515,V086,Euro,882.76
A009481,V086,Euro,896.6
A008737,V084,Dolar Americano,813.2
A014225,V119,Euro,1009.94
A000967,V013,Dolar Americano,664.15
A011918,V101,Euro,855.45
A011027,V100,Euro,939.88
A013655,V114,Euro,1059.13
A013491,V115,Dolar Americano,964.32
A013705,V121,Dolar Americano,974.2
A014643,V138,Euro,1033.8
A013790,V116,Yen Japones,61984
A013555,V120,Dolar Americano,955.61
A000283,V003,Dolar Americano,692.2
A013842,V120,Dolar Americano,964.38
A013926,V123,Dolar Americano,954.44
A005943,V068,Dolar Americano,723.8
A015658,V143,Yen Japones,67595
A013642,V114,Euro,1059.13
A011060,V100,Euro,907.32
A004882,V052,Dolar Americano,678.23
A000967-1,V013,Dolar Americano,664.15
A011901,V101,Euro,864.35
A014236,V120,Dolar Americano,938.78
A015626,V143,Yen Japones,66340
A013215,V122,Yen Japones,62754
A014648,V138,Euro,1033.8
A013118,V113,Euro,983.81
A011905,V101,Euro,868.24
A000264,V003,Dolar Americano,691.07
A002481,V024,Euro,754.23
A013568,V122,Yen Japones,64704
A014742,V139,Euro,1017.4
A013985,V128,Euro,1022.4
A013902,V122,Yen Japones,62440
A010179,V090,Euro,947.26
A012243,V108,Euro,913.54
A006272,V074,Euro,835.55
A004896,V052,Dolar Americano,678.23
A003302,V047,Dolar Americano,606.54
A014646,V138,Euro,1033.8
A014158,V128,Euro,1009.94
A013095,V113,Euro,966.5
A013723,V132,Euro,1049.02
A010843,V099,Euro,970.32
A014137,V122,Yen Japones,61354
A014117,V121,Dolar Americano,938.78
A013787-1,V116,Yen Japones,61984
A014112,V120,Dolar Americano,938.78
A005937,V068,Dolar Americano,723.8
A001450,V013,Dolar Americano,660.25
A014209,V118,Dolar Americano,938.78
A013792,V116,Yen Japones,61984
A013822,V119,Euro,1026.29
A014175,V132,Euro,1009.94
A001984,V021,Euro,710.93
A014125,V122,Yen Japones,61354
A009514,V086,Euro,882.76
A013825-1,V119,Euro,1026.29
A010195,V093,Euro,947.26
A000215,V002,Dolar Americano,678
A013600,V132,Euro,1033.35
A003915,V047,Dolar Americano,638.14
A013990,V129,Yen Japones,61126
A009413,V086,Euro,897.18
A013835,V119,Euro,1026.29
A014153,V125,Dolar Americano,938.78
A014134,V122,Yen Japones,61354
A013837,V119,Euro,1026.29
A009482,V086,Euro,896.6
A014146,V123,Dolar Americano,938.78
A001990,V021,Euro,710.93
A014650,V138,Euro,1033.8
A014640,V138,Euro,1033.8
A011927,V101,Euro,861.48
A015681,V143,Yen Japones,68408
A013648,V114,Euro,1059.13
A011010,V100,Euro,936.78
A011938,V101,Euro,863.26
A008720,V083,Yen Japones,71769
A001995,V021,Euro,710.93
A013781,V116,Yen Japones,61984
A013634,V114,Euro,1059.44
A013144,V113,Euro,973.31
A013221,V129,Yen Japones,62754
A013830,V119,Euro,1026.29
A003883,V047,Dolar Americano,640.27
A011886,V101,Euro,857.63
A013778-1,V116,Yen Japones,61984
A013576,V125,Dolar Americano,955.61
A011096,V100,Euro,895.09
A005820,V066,Euro,785.21
A014240,V121,Dolar Americano,938.78
A013089,V113,Euro,953.47
A008753,V084,Dolar Americano,813.2
A001986,V021,Euro,710.93
A005097,V057,Yen Japones,60896
A013697,V119,Euro,1049.02
A013006,V110,Euro,934.48
A014035,V133,Euro,1014.49
A013097,V113,Euro,966.5
A014217,V119,Euro,1009.94
A013803,V117,Euro,1023.82
A013867-1,V122,Yen Japones,63334
A013353,V128,Euro,1024.05
A015455,V143,Yen Japones,62537
A011043,V100,Euro,922.74
A014127,V122,Yen Japones,61354
A014197,V116,Yen Japones,61354
A005945,V068,Dolar Americano,723.8
A013888-1,V122,Yen Japones,63314
A013786-1,V116,Yen Japones,61984
A011911,V101,Euro,868.24
A013820,V119,Euro,1026.29
A013970-1,V127,Yen Japones,61453
A008714,V083,Yen Japones,71769
A011930,V101,Euro,861.48
A011899,V101,Euro,864.35
A007144,V080,Yen Japones,72587
A011075,V100,Euro,906.17
A013837-1,V119,Euro,1026.29
A004883,V052,Dolar Americano,678.23
A003912,V047,Dolar Americano,638.14
A008567,V084,Dolar Americano,784.68
A013969-1,V127,Yen Japones,61453
A015685,V143,Yen Japones,68408
A000829,V008,Dolar Americano,680.45
A013692,V130,Euro,1049.02
A005718,V064,Yen Japones,66683
A010186,V091,Dolar Americano,944.05
A001445,V013,Dolar Americano,660.25
A014729,V139,Euro,1017.4
A011014,V100,Euro,936.78
A014032,V133,Euro,1014.49
A005818,V066,Euro,785.21
A014151,V124,Euro,1009.94
A013159,V113,Euro,1002.57
A003774,V046,Yen Japones,57111
A002011,V021,Euro,710.93
A000211,V002,Dolar Americano,678
A013134,V113,Euro,971.81
A013595,V131,Dolar Americano,944.13
A013234,V129,Yen Japones,62754
A006288,V075,Dolar Americano,752.08
A005592,V064,Yen Japones,67143
A011881,V101,Euro,854.57
A001392,V011,Dolar Americano,674.34
A014283,V129,Yen Japones,61354
A014084,V133,Euro,1022.72
A014027,V133,Euro,1014.49
A014110,V119,Euro,1009.94
A014244,V122,Yen Japones,61354
