id,id_viaje,grupo_viaje
A001696,V017,G014
A014288,V133,G075
A007193,V079,G053
A002895,V028,G021
A005408,V062,G043
A004876,V052,G036
A010814,V099,G065
A005326,V061,G042
A004829,V051,G035
A004805,V051,G035
A011062,V100,G066
A004986,V055,G038
A013791-1,V116,G075
A004849,V052,G036
A006323,V078,G052
A008751,V084,G057
A014728,V139,G077
A002786,V026,G020
A001929,V019,G016
A013950-1,V123,G075
A003664,V045,G029
A008634,V084,G057
A001434,V013,G011
A013859,V121,G075
A011919,V101,G067
A003920,V047,G031
A002331,V023,G017
A013787,V116,G075
A005807,V065,G046
A014262,V123,G075
A005295,V061,G042
A003009,V031,G022
A002016,V021,G016
A013149,V113,G072
A011884,V102,G067
A010507,V095,G064
A009477,V086,G059
A013655,V114,G074
A013101,V113,G072
A011098,V100,G066
A014211,V118,G075
A001390,V011,G010
A005564,V063,G044
A013229,V122,G075
A014009,V132,G075
A013521,V116,G075
A011013,V100,G066
A009790,V088,G061
A010177,V089,G062
A013949,V123,G075
A003049,V034,G022
A009794,V088,G061
A010310,V094,G063
A006289,V075,G050
A014623,V135,G076
A013353,V128,G075
A015496,V143,G081
A013779,V116,G075
A013657,V114,G074
A011610,V109,G071
A009509,V086,G059
A014193,V116,G075
A010523,V096,G064
A005750,V065,G046
A013850-1,V120,G075
A013864,V121,G075
A015472,V143,G081
A013811-1,V118,G075
A011907,V101,G067
A009486,V086,G059
A008712,V083,G056
A013879,V122,G075
A012345,V105,G069
A013867-1,V122,G075
A011962,V102,G067
A008754,V084,G057
A003031,V034,G022
A011100,V100,G066
A010163,V089,G062
A013990-1,V129,G075
A000483,V005,G004
A010184,V091,G062
A005777,V065,G046
A011090,V100,G066
A010164,V089,G062
A013860-1,V121,G075
A005832,V066,G046
A013419,V117,G075
A005772,V065,G046
A014259,V122,G075
A002800,V026,G020
A004808,V051,G035
A002993,V031,G022
A000282,V005,G004
A013793,V116,G075
A013007,V110,G072
A002774,V026,G020
A013782-1,V116,G075
A005759,V065,G046
A013778-1,V116,G075
A004840,V051,G035
A014252,V122,G075
A013961-1,V125,G075
A011022,V100,G066
A007229,V080,G053
A015697,V143,G081
A015685,V143,G081
A013631,V114,G074
A007206,V079,G053
A002337,V023,G017
A009685,V087,G060
A003850,V047,G031
A015676,V143,G081
A001422,V013,G011
A015495,V143,G081
A012938,V115,G075
A015914,V145,G082
A001079,V010,G009
A014636,V138,G076
A013926,V123,G075
A011941,V102,G067
A014726,V139,G077
A014168,V131,G075
A013881,V122,G075
A012611,V109,G071
A000491,V005,G004
A003083,V036,G022
A003072,V034,G022
A013794-1,V116,G075
A013721,V131,G075
A011028,V100,G066
A009771,V088,G061
A013962,V125,G075
A013590,V125,G075
A013799,V116,G075
A011930,V101,G067
A013903,V122,G075
A013892,V122,G075
A013871,V122,G075
A010193,V092,G062
A014701,V138,G076
A015594,V142,G080
A002851,V027,G021
A004884,V052,G036
A011066,V100,G066
A007194,V079,G053
A011881,V101,G067
A004996,V054,G038
A002608,V027,G021
A003773,V046,G030
A009505,V086,G059
A000485,V005,G004
A014113,V120,G075
A011003,V100,G066
A000561,V006,G005
A013234,V129,G075
A010166,V089,G062
A013207,V116,G075
A013526,V119,G075
A004896,V052,G036
A003903,V047,G031
A013875,V122,G075
A010174,V089,G062
A008748,V084,G057
A010290,V094,G063
A015627,V143,G081
A002020,V022,G016
A005754,V065,G046
A002994,V031,G022
A013764,V115,G075
A013103,V112,G072
A011018,V100,G066
A009500,V086,G059
A014229,V119,G075
A014265,V123,G075
A006316,V088,G061
A009763,V088,G061
A006452,V077,G051
A003908,V047,G031
A014024,V132,G075
A013832,V119,G075
A005404,V062,G043
A006426,V096,G064
A004822,V051,G035
A002884,V027,G021
A013856,V121,G075
A014041,V133,G075
A003900,V047,G031
A013567,V122,G075
A010538,V097,G064
A011068,V100,G066
A010536,V096,G064
A002781,V026,G020
A015645,V143,G081
A009009,V085,G058
A002014,V021,G016
A014642,V138,G076
A005818,V066,G046
A013866,V121,G075
A009504,V086,G059
A005710,V064,G045
A013120,V113,G072
A001073,V010,G009
A011083,V100,G066
A003649,V045,G029
A005955,V070,G047
A003922,V047,G031
A013244,V116,G075
A010190,V092,G062
A005399,V062,G043
A013868-1,V122,G075
A001446,V013,G011
A014146,V123,G075
A005310,V061,G042
A002803,V026,G020
A009413,V086,G059
A013961,V125,G075
A011895,V101,G067
A000611,V007,G006
A004897,V052,G036
A000616,V007,G006
A001941-2,V020,G016
A014646,V138,G076
A007216,V080,G053
A014739,V139,G077
A013795-1,V116,G075
A011073,V100,G066
A014624,V135,G076
A010319,V094,G063
A003020,V032,G022
A015625,V143,G081
A001412,V013,G011
A002864,V027,G021
A011058,V100,G066
A015918,V146,G082
A013104,V112,G072
A009791,V088,G061
A011904,V101,G067
A012653,V109,G071
A013767-1,V115,G075
A005269,V060,G041
A009460,V086,G059
A006260,V075,G050
A014167,V131,G075
A011084,V100,G066
A015655,V143,G081
A014638,V138,G076
A002860,V027,G021
A011933,V101,G067
A013808-1,V118,G075
A014749,V139,G077
A008682,V088,G061
A004892,V052,G036
A013944,V123,G075
A009769,V088,G061
A015654,V143,G081
A013243,V116,G075
A003679,V045,G029
A005022,V055,G038
A009774,V088,G061
A014261,V122,G075
A004824,V051,G035
A015455,V143,G081
A013816-1,V119,G075
A013086,V113,G072
A002812,V026,G020
A005727,V067,G046
A013117,V113,G072
A011014,V100,G066
A004024,V048,G032
A013815,V119,G075
A013006,V110,G072
A006547,V078,G052
A004977,V055,G038
A013940,V123,G075
A003066,V034,G022
A005406,V062,G043
A004906,V052,G036
A001082,V010,G009
A002024,V022,G016
A015598,V142,G080
A005837,V067,G046
A005782,V065,G046
A014007,V132,G075
A005814,V065,G046
A005715,V064,G045
A001950,V020,G016
A013766-1,V115,G075
A012612,V109,G071
A003394,V043,G027
A002972,V031,G022
A001999,V021,G016
A001695,V017,G014
A012628,V109,G071
A002854,V027,G021
A003799,V047,G031
A005840,V067,G046
A014243,V122,G075
A015927,V147,G082
A009461,V086,G059
A005752,V065,G046
A011934,V101,G067
A005725,V064,G045
A005403,V062,G043
A015895,V144,G082
A009503,V086,G059
A013594,V131,G075
A005358,V061,G042
A014220,V119,G075
A013885,V122,G075
A009474,V086,G059
A009617,V087,G060
A015925,V147,G082
A013914,V122,G075
A013216,V122,G075
A007218,V080,G053
A003605,V045,G029
A010195,V093,G062
A015891,V144,G082
A013780-1,V116,G075
A013565,V122,G075
A002353,V023,G017
A013775,V116,G075
A013709,V122,G075
A011036,V100,G066
A015647,V143,G081
A003676,V045,G029
A009666,V087,G060
A011037,V100,G066
A013959,V125,G075
A003023,V032,G022
A001774,V018,G015
A009766,V088,G061
A003005,V031,G022
A005573,V065,G046
A006075,V071,G048
A014133,V122,G075
A001658,V015,G013
A004893,V052,G036
A003063,V034,G022
A002799,V026,G020
A013807-1,V118,G075
A008720,V083,G056
A006540,V078,G052
A011093,V100,G066
A007195,V079,G053
A004480,V050,G034
A002298,V023,G017
A006297,V075,G050
A005835,V067,G046
A015916,V145,G082
A010512,V095,G064
A005298,V061,G042
A014617,V134,G076
A013990,V129,G075
A013858,V121,G075
A004983,V053,G037
A011076,V100,G066
A005717,V064,G045
A004819,V051,G035
A006517,V078,G052
A013803,V117,G075
A011065,V100,G066
A013861,V121,G075
A010187,V092,G062
A009005,V085,G058
A007144-2,V080,G053
A004826,V051,G035
A010837,V099,G065
A009670,V087,G060
A005945,V068,G047
A002345,V023,G017
A000215,V002,G002
A011071,V100,G066
A007209,V079,G053
A010551,V098,G064
A005943,V068,G047
A006293,V075,G050
A002859,V027,G021
A013882-1,V122,G075
A015900,V145,G082
A013925-1,V123,G075
A009805,V088,G061
A004823,V051,G035
A013646,V114,G074
A010540,V097,G064
A004320,V049,G033
A011886,V101,G067
A003729,V047,G031
A003604,V045,G029
A002894,V028,G021
A001941-1,V020,G016
A003921,V047,G031
A001701,V017,G014
A011064,V100,G066
A008633,V084,G057
A008737,V084,G057
A013951,V123,G075
A005748,V065,G046
A009770,V088,G061
A002909,V029,G021
A014148,V123,G075
A000263,V003,G002
A012600,V109,G071
A013687,V119,G075
A012619,V109,G071
A011015,V100,G066
A003895,V047,G031
A014731,V139,G077
A000037,V005,G004
A014256,V122,G075
A011951,V102,G067
A001395,V012,G010
A002336,V023,G017
A015584,V142,G080
A014036,V133,G075
A003055,V034,G022
A013991,V129,G075
A005400,V062,G043
A005568,V063,G044
A013894,V122,G075
A013706,V122,G075
A003655,V045,G029
A002571,V025,G019
A014008,V132,G075
A014151,V124,G075
A010285,V094,G063
A010189,V092,G062
A004968,V053,G037
A014271,V123,G075
A013917,V122,G075
A003198,V047,G031
A009516,V086,G059
A014169,V131,G075
A013862,V121,G075
A010304,V094,G063
A001083,V010,G009
A011060,V100,G066
A010323,V094,G063
A001392,V011,G010
A006273,V074,G050
A005407,V062,G043
A006165,V078,G052
A013759,V115,G075
A015651,V143,G081
A010180,V090,G062
A010181,V090,G062
A001940,V020,G016
A013151,V113,G072
A003142,V038,G024
A008564,V084,G057
A003034,V034,G022
A011010,V100,G066
A006102,V078,G052
A014645,V138,G076
A007994,V081,G054
A005708,V064,G045
A001435,V013,G011
A014258,V122,G075
A002577,V025,G019
A005842,V067,G046
A003661,V045,G029
A002623,V026,G020
A004481,V050,G034
A013798,V116,G075
A008647,V084,G057
A010179,V090,G062
A013356,V116,G075
A009475,V086,G059
A002985,V030,G022
A004762,V065,G046
A012365,V107,G069
A014247,V122,G075
A009507,V086,G059
A005343,V061,G042
A002297,V023,G017
A013107,V113,G072
A014110,V119,G075
A003648,V045,G029
A002865,V027,G021
A012608,V109,G071
A004684,V052,G036
A003002,V031,G022
A015644,V143,G081
A003660,V045,G029
A013639,V114,G074
A010314,V094,G063
A014023,V132,G075
A001387,V011,G010
A003141,V037,G024
A013125,V113,G072
A004841,V051,G035
A002795,V026,G020
A005637,V064,G045
A005563,V063,G044
A006542,V078,G052
A002338,V023,G017
A005700,V064,G045
A008726,V083,G056
A013760,V115,G075
A003800,V047,G031
A013824-1,V119,G075
A011974,V102,G067
A004813,V051,G035
A013593,V131,G075
A013524,V119,G075
A010322,V094,G063
A013790-1,V116,G075
A005719,V064,G045
A003918,V047,G031
A013339,V116,G075
A003591,V044,G028
A001409,V013,G011
A003672,V045,G029
A005424,V065,G046
A004867,V052,G036
A011991,V103,G067
A013939,V123,G075
A013857,V121,G075
A013989,V129,G075
A003593,V044,G028
A015569,V142,G080
A013654,V114,G074
A013344,V123,G075
A011005,V100,G066
A000610-1,V007,G006
A013768,V115,G075
A006290,V075,G050
A014233,V120,G075
A003339,V047,G031
A013659-1,V114,G074
A013232,V121,G075
A014700,V139,G077
A003143,V038,G024
A012616,V109,G071
A003784,V046,G030
A013820,V119,G075
A013949-1,V123,G075
A014686,V138,G076
A005843,V067,G046
A013146,V113,G072
A006455,V077,G051
A003006,V031,G022
A006548,V078,G052
A003686,V045,G029
A014032,V133,G075
A002856,V027,G021
A013691,V115,G075
A013855-1,V121,G075
A007219,V080,G053
A013492,V115,G075
A013942,V123,G075
A012341,V105,G069
A005827,V066,G046
A009806,V088,G061
A004821,V051,G035
A003000,V031,G022
A014206,V116,G075
A014122,V122,G075
A012355,V107,G069
A010555,V098,G064
A010192,V092,G062
A009476,V086,G059
A013804,V117,G075
A004831,V051,G035
A004888,V052,G036
A015470,V143,G081
A014135,V122,G075
A013660,V114,G074
A006110,V074,G050
A002772,V026,G020
A009512,V086,G059
A011039,V100,G066
A013697,V119,G075
A013096,V113,G072
A012043,V104,G068
A005293,V061,G042
A013422,V116,G075
A005020,V055,G038
A013957,V125,G075
A013352,V119,G075
A002320,V023,G017
A004714,V051,G035
A013935,V123,G075
A013568,V122,G075
A013219,V128,G075
A015691,V143,G081
A003677,V045,G029
A001494,V021,G016
A014102,V116,G075
A013341,V120,G075
A009514,V086,G059
A004803,V051,G035
A010519,V096,G064
A013214,V121,G075
A005838,V067,G046
A013698,V119,G075
A005953,V070,G047
A009782,V088,G061
A001775,V018,G015
A014643,V138,G076
A013852,V120,G075
A013887-1,V122,G075
A013829,V119,G075
A009465,V086,G059
A013589,V125,G075
A006295,V075,G050
A003053,V034,G022
A015664,V143,G081
A013572,V124,G075
A008749,V084,G057
A001692,V017,G014
A013847-1,V120,G075
A014615,V134,G076
A003080,V036,G022
A002516,V027,G021
A011973,V102,G067
A001406,V013,G011
A012659,V109,G071
A005766,V065,G046
A000830,V008,G007
A011949,V102,G067
A013951-1,V123,G075
A002813,V026,G020
A013792-1,V116,G075
A006562,V078,G052
A001386,V011,G010
A002354,V023,G017
A014105,V117,G075
A002857,V027,G021
A001965,V020,G016
A005687,V064,G045
A015404,V141,G079
A001396,V013,G011
A005711,V064,G045
A013873,V122,G075
A013806,V118,G075
A003776,V046,G030
A005296,V061,G042
A005337,V061,G042
A013708,V122,G075
A013845,V120,G075
A015926,V147,G082
A010514,V095,G064
A013075,V113,G072
A013348,V133,G075
A007136,V079,G053
A013988,V128,G075
A013720,V131,G075
A005560,V063,G044
A005163,V065,G046
A015349,V141,G079
A010528,V096,G064
A000983,V009,G008
A000045,V001,G001
A006105,V074,G050
A005941,V068,G047
A007991,V081,G054
A003028,V033,G022
A014216,V119,G075
A014264,V123,G075
A004987,V055,G038
A003592,V044,G028
A014286,V132,G075
A001974,V020,G016
A013097,V113,G072
A002328,V023,G017
A005328,V061,G042
A002789,V026,G020
A005946,V069,G047
A011042,V100,G066
A013789,V116,G075
A013979,V128,G075
A012594,V108,G070
A004972,V053,G037
A004894,V052,G036
A003897,V047,G031
A003025,V032,G022
A002342,V023,G017
A012036,V104,G068
A013656,V114,G074
A009677,V087,G060
A013224,V132,G075
A002313,V023,G017
A014180,V133,G075
A002303,V023,G017
A005027,V055,G038
A003043,V034,G022
A000489,V005,G004
A010556,V098,G064
A001448,V013,G011
A012654,V109,G071
A002809,V026,G020
A013809,V118,G075
A006454,V077,G051
A009480,V086,G059
A012609,V109,G071
A009466,V086,G059
A004414,V052,G036
A001388,V011,G010
A004806,V051,G035
A002572,V025,G019
A011074,V100,G066
A004851,V052,G036
A003054,V034,G022
A003058,V034,G022
A013129,V113,G072
A004860,V052,G036
A014200,V116,G075
A013558,V121,G075
A011057,V100,G066
A012412,V109,G071
A015603,V142,G080
A007223,V080,G053
A014260,V122,G075
A013690,V115,G075
A008723,V083,G056
A005764,V065,G046
A003666,V045,G029
A003881,V047,G031
A013987,V128,G075
A003750,V046,G030
A005776,V065,G046
A005768,V065,G046
A007201,V079,G053
A001698,V017,G014
A014142,V123,G075
A008717,V083,G056
A011954,V102,G067
A001921,V019,G016
A013773-1,V116,G075
A010998,V100,G066
A003084,V036,G022
A008709,V083,G056
A005299,V061,G042
A015590,V142,G080
A013710,V122,G075
A004879,V052,G036
A013628,V114,G074
A011888,V101,G067
A013780,V116,G075
A013122,V113,G072
A006076,V071,G048
A001962,V020,G016
A013557,V121,G075
A001960,V020,G016
A013785,V116,G075
A013092,V113,G072
A010320,V094,G063
A004886,V052,G036
A009671,V087,G060
A004899,V052,G036
A011983,V102,G067
A003774,V046,G030
A014127,V122,G075
A001443,V013,G011
A000265,V003,G002
A005802,V065,G046
A014144,V123,G075
A001075,V010,G009
A014218,V119,G075
A012651,V109,G071
A013704,V120,G075
A013629,V114,G074
A004025,V048,G032
A006277,V074,G050
A003896,V047,G031
A013838,V119,G075
A013651,V114,G074
A012948,V115,G075
A013948,V123,G075
A002038,V021,G016
A013351,V129,G075
A013634,V114,G074
A004970,V053,G037
A011044,V100,G066
A005114,V056,G039
A013763,V115,G075
A014036-1,V133,G075
A013985,V128,G075
A009478,V086,G059
A014028,V133,G075
A015471,V143,G081
A015922,V147,G082
A011891,V101,G067
A014613,V134,G076
A013472,V114,G074
A003068,V034,G022
A003038,V034,G022
A004971,V053,G037
A005014,V055,G038
A004995,V054,G038
A015662,V143,G081
A006009,V074,G050
A005081,V056,G039
A003016,V031,G022
A005043,V056,G039
A014175,V132,G075
A002977,V030,G022
A015696,V143,G081
A009793,V088,G061
A001499,V019,G016
A012622,V109,G071
A011883,V102,G067
A002888,V027,G021
A005331,V061,G042
A002312,V023,G017
A002782,V026,G020
A013973,V127,G075
A013105,V112,G072
A003012,V031,G022
A009798,V088,G061
A011978,V102,G067
A005800,V065,G046
A001923,V019,G016
A009767,V088,G061
A014625,V136,G076
A015928,V147,G082
A013839,V119,G075
A008746,V084,G057
A005257,V060,G041
A002987,V031,G022
A013797,V116,G075
A013077,V113,G072
A008739,V084,G057
A005011,V055,G038
A005016,V055,G038
A008322,V082,G055
A003086,V036,G022
A005009,V055,G038
A013134,V113,G072
A012626,V109,G071
A010421,V099,G065
A009494,V086,G059
A013972,V127,G075
A013648,V114,G074
A011079,V100,G066
A011007,V100,G066
A013354,V120,G075
A005300,V061,G042
A002332,V023,G017
A015921,V146,G082
A014027,V133,G075
A002845,V026,G020
A011020,V100,G066
A000220,V002,G002
A013070,V112,G072
A006296,V075,G050
A013827-1,V119,G075
A006324,V078,G052
A015599,V142,G080
A005305,V061,G042
A001917,V019,G016
A012632,V109,G071
A014187,V116,G075
A014184,V115,G075
A014727,V139,G077
A014253,V122,G075
A013923,V123,G075
A008567,V084,G057
A006286,V074,G050
A011896,V101,G067
A015919,V146,G082
A002999,V031,G022
A002570,V025,G019
A001394,V012,G010
A014147,V123,G075
A006512,V078,G052
A012637,V109,G071
A002324,V023,G017
A013561,V122,G075
A009772,V088,G061
A015588,V142,G080
A010291,V094,G063
A009525,V086,G059
A001447,V013,G011
A005758,V065,G046
A001001,V013,G011
A005314,V061,G042
A003667,V045,G029
A014022,V132,G075
A010527,V096,G064
A014754,V139,G077
A013596,V131,G075
A013592,V129,G075
A009502,V086,G059
A004883,V052,G036
A013966,V125,G075
A012356,V107,G069
A014190,V116,G075
A013898,V122,G075
A010298,V094,G063
A009457,V086,G059
A006446,V076,G051
A015679,V143,G081
A009508,V086,G059
A011943,V102,G067
A014740,V139,G077
A010979,V100,G066
A006550,V078,G052
A006101,V078,G052
A013891,V122,G075
A002349,V023,G017
A002023,V022,G016
A008711,V083,G056
A014156,V127,G075
A001768,V018,G015
A005041,V056,G039
A000281,V005,G004
A001706,V018,G015
A005785,V065,G046
A015905,V145,G082
A013817,V119,G075
A010183,V090,G062
A013930-1,V123,G075
A010554,V098,G064
A005566,V063,G044
A009692,V087,G060
A000418,V004,G003
A008713,V083,G056
A013980,V128,G075
A000613,V007,G006
A011945,V102,G067
A003646,V045,G029
A013779-1,V116,G075
A013975,V128,G075
A013115,V113,G072
A013882,V122,G075
A014194,V116,G075
A013789-1,V116,G075
A003910,V047,G031
A001931,V019,G016
A014141,V123,G075
A013240,V120,G075
A005044,V055,G038
A005949,V070,G047
A006073,V071,G048
A015671,V143,G081
A011993,V103,G067
A010522,V096,G064
A002898,V028,G021
A013964,V125,G075
A001493,V013,G011
A013969,V127,G075
A013900-1,V122,G075
A005087,V056,G039
A010305,V094,G063
A008740,V084,G057
A007214,V079,G053
A012353,V106,G069
A013952,V124,G075
A001924,V019,G016
A014730,V139,G077
A005355,V061,G042
A002793,V026,G020
A001418,V013,G011
A009008,V085,G058
A003890,V047,G031
A005820,V066,G046
A002330,V023,G017
A005265,V060,G041
A003032,V034,G022
A001416,V013,G011
A002892,V028,G021
A013802-1,V117,G075
A014174,V132,G075
A003605-2,V045,G029
A013853,V123,G075
A010537,V097,G064
A014198,V116,G075
A007197,V079,G053
A003888,V047,G031
A002796,V026,G020
A013880-1,V122,G075
A001991,V021,G016
A009667,V087,G060
A013140,V113,G072
A013874,V122,G075
A013977,V128,G075
A005739,V066,G046
A012340,V105,G069
A006342,V078,G052
A011913,V101,G067
A004880,V052,G036
A013769,V115,G075
A013418,V117,G075
A014152,V124,G075
A013837,V119,G075
A013723,V132,G075
A005942,V068,G047
A002882,V027,G021
A009455,V086,G059
A013785-1,V116,G075
A002050,V023,G017
A013576,V125,G075
A005339,V061,G042
A003778,V046,G030
A000487,V005,G004
A000473,V005,G004
A014626,V137,G076
A003048,V034,G022
A002804,V026,G020
A005297,V061,G042
A014208,V116,G075
A011008,V100,G066
A009462,V086,G059
A013928,V123,G075
A002017,V022,G016
A002889,V027,G021
A014225,V119,G075
A006552,V078,G052
A014734,V139,G077
A009674,V087,G060
A004975,V053,G037
A003681,V045,G029
A011887,V101,G067
A014132,V122,G075
A015690,V143,G081
A006539,V078,G052
A005937,V068,G047
A008719,V083,G056
A003056,V034,G022
A014238,V121,G075
A005697,V064,G045
A014282,V129,G075
A001996,V021,G016
A005938,V068,G047
A002899,V028,G021
A008721,V083,G056
A015586,V142,G080
A005813,V065,G046
A004852,V052,G036
A012642,V109,G071
A011069,V100,G066
A000496,V005,G004
A011921,V101,G067
A010543,V097,G064
A000212,V002,G002
A000264,V003,G002
A006292,V075,G050
A013906-1,V122,G075
A013548,V120,G075
A014248,V122,G075
A011971,V102,G067
A002798,V026,G020
A013168,V113,G072
A006189,V074,G050
A009458,V086,G059
A005847,V067,G046
A002576,V025,G019
A014139,V123,G075
A013970,V127,G075
A001413,V013,G011
A013925,V123,G075
A013712,V124,G075
A013235,V119,G075
A015653,V143,G081
A015693,V143,G081
A005706,V064,G045
A014732,V139,G077
A013996,V131,G075
A015677,V143,G081
A012655,V109,G071
A000414,V004,G003
A001973,V020,G016
A013931-1,V123,G075
A004028,V048,G032
A014006,V131,G075
A005013,V055,G038
A015473,V143,G081
A005855,V067,G046
A014108,V119,G075
A013570,V124,G075
A005703,V064,G045
A015684,V143,G081
A010301,V094,G063
A006326,V078,G052
A012625,V109,G071
A005773,V065,G046
A001994,V021,G016
A014269,V123,G075
A003001,V031,G022
A013937,V123,G075
A015670,V143,G081
A010840,V099,G065
A005801,V065,G046
A013098,V113,G072
A002911,V029,G021
A014101,V115,G075
A004848,V052,G036
A005848,V067,G046
A004810,V051,G035
A013831,V119,G075
A005017,V055,G038
A001646,V021,G016
A013906,V122,G075
A013139,V113,G072
A012048,V104,G068
A010306,V094,G063
A014650,V138,G076
A008674,V084,G057
A014633,V137,G076
A007188,V079,G053
A015908,V145,G082
A013347,V132,G075
A011902,V104,G068
A005097,V057,G039
A003102,V038,G024
A001428,V013,G011
A002904,V029,G021
A006518,V078,G052
A015658,V143,G081
A014236,V120,G075
A003042,V034,G022
A013099,V113,G072
A011956,V102,G067
A005950,V070,G047
A005692,V065,G046
A006276,V074,G050
A004910,V052,G036
A013237,V128,G075
A002046,V023,G017
A013981,V128,G075
A013579,V128,G075
A013941,V123,G075
A013815-1,V119,G075
A005794,V065,G046
A003779,V046,G030
A001953,V020,G016
A015656,V143,G081
A003197,V047,G031
A011908,V101,G067
A001918,V019,G016
A014106,V119,G075
A004994,V054,G038
A002788,V026,G020
A010531,V097,G064
A009784,V088,G061
A013989-1,V129,G075
A013689,V122,G075
A003395,V043,G027
A015356,V141,G079
A013765,V115,G075
A002975,V030,G022
A013119,V113,G072
A013223,V132,G075
A011099,V100,G066
A013997,V131,G075
A001930,V019,G016
A001978,V020,G016
A014278,V127,G075
A003645,V045,G029
A003059,V034,G022
A013934,V123,G075
A015649,V143,G081
A005767,V065,G046
A010391,V096,G064
A001425,V013,G011
A015585,V142,G080
A009787,V088,G061
A000495,V005,G004
A014170,V132,G075
A003775,V046,G030
A013241,V123,G075
A014030,V133,G075
A001987,V021,G016
A010293,V094,G063
A006515,V078,G052
A005644,V064,G045
A013975-1,V128,G075
A003242,V041,G026
A013662,V114,G074
A004873,V052,G036
A005101,V058,G039
A004871,V052,G036
A002305,V023,G017
A011990,V103,G067
A015683,V143,G081
A013834,V119,G075
A013493,V115,G075
A013686,V117,G075
A005779,V065,G046
A004907,V052,G036
A003771,V046,G030
A003687,V045,G029
A013108,V113,G072
A011935,V101,G067
A011082,V100,G066
A013907-1,V122,G075
A008724,V083,G056
A007202,V079,G053
A006281,V074,G050
A006523,V078,G052
A013012,V115,G075
A005664,V074,G050
A014222,V119,G075
A005712,V064,G045
A009669,V087,G060
A013716,V128,G075
A013144,V113,G072
A003003,V031,G022
A011976,V102,G067
A010525,V096,G064
A013860,V121,G075
A003037,V034,G022
A002482,V024,G018
A013891-1,V122,G075
A013921,V123,G075
A009693,V087,G060
A013776-1,V116,G075
A010143,V094,G063
A004858,V052,G036
A009690,V087,G060
A002783,V026,G020
A005023,V055,G038
A007200,V079,G053
A014658,V138,G076
A005808,V065,G046
A002323,V023,G017
A001415,V013,G011
A005640,V064,G045
A012620,V109,G071
A005839,V067,G046
A002880,V027,G021
A014124,V122,G075
A008742,V084,G057
A003883,V047,G031
A014276,V125,G075
A005815,V065,G046
A005308,V061,G042
A005948,V070,G047
A002797,V026,G020
A013877,V122,G075
A012656,V109,G071
A012035,V104,G068
A005340,V061,G042
A004878,V052,G036
A003891,V047,G031
A014100,V115,G075
A010844,V099,G065
A014587,V139,G077
A009801,V088,G061
A009006,V085,G058
A014165,V131,G075
A005410,V062,G043
A002480,V024,G018
A003024,V032,G022
A013877-1,V122,G075
A005707,V064,G045
A005592,V064,G045
A012762,V110,G072
A012364,V107,G069
A004882,V052,G036
A002483,V024,G018
A013082,V113,G072
A005401,V062,G043
A003027,V033,G022
A002515,V027,G021
A009463,V086,G059
A012357,V107,G069
A006507,V078,G052
A014232,V120,G075
A007222,V080,G053
A000474,V005,G004
A009675,V087,G060
A001659,V016,G013
A004721,V051,G035
A005094,V057,G039
A013089,V113,G072
A009768,V088,G061
A014138,V123,G075
A013722,V132,G075
A005409,V062,G043
A013135,V113,G072
A013625,V114,G074
A012623,V109,G071
A003884,V047,G031
A014188,V116,G075
A013927,V123,G075
A013486,V115,G075
A011026,V100,G066
A013794,V116,G075
A014158,V128,G075
A013872,V122,G075
A013701,V120,G075
A006269,V074,G050
A013597,V131,G075
A005751,V065,G046
A012592,V108,G070
A005705,V064,G045
A010288,V094,G063
A008722,V083,G056
A007990,V081,G054
A002316,V023,G017
A012617,V109,G071
A004844,V065,G046
A007211,V079,G053
A004991,V054,G038
A004800,V051,G035
A002870,V027,G021
A004023,V048,G032
A014005,V131,G075
A013278,V114,G074
A007983,V081,G054
A004799,V051,G035
A015667,V143,G081
A015591,V142,G080
A014649,V138,G076
A005356,V061,G042
A010178,V090,G062
A008745,V084,G057
A005821,V066,G046
A013719,V131,G075
A005418,V062,G043
A013145,V113,G072
A013852-1,V120,G075
A001694,V017,G014
A014249,V122,G075
A004861,V052,G036
A012629,V109,G071
A006521,V078,G052
A005819,V066,G046
A011025,V100,G066
A011893,V101,G067
A004830,V051,G035
A001423,V013,G011
A000478,V005,G004
A011067,V100,G066
A009010,V085,G058
A013836,V119,G075
A006514,V078,G052
A015897,V144,G082
A001998,V021,G016
A013642-1,V114,G074
A007205,V079,G053
A003926,V047,G031
A011027,V100,G066
A005562,V063,G044
A003913,V047,G031
A013865,V121,G075
A003671,V045,G029
A012343,V105,G069
A011043,V100,G066
A003730,V047,G031
A013955,V124,G075
A000213,V002,G002
A013578,V125,G075
A013609,V122,G075
A003391,V043,G027
A010558,V098,G064
A002674,V028,G021
A000562,V006,G005
A013908,V122,G075
A013073,V112,G072
A006299,V075,G050
A002325,V023,G017
A011979,V102,G067
A006526,V078,G052
A012359,V107,G069
A003081,V036,G022
A004854,V052,G036
A004514,V050,G034
A014026,V133,G075
A010186,V091,G062
A001952,V020,G016
A010423,V096,G064
A008632,V084,G057
A005021,V055,G038
A014017,V132,G075
A013849,V120,G075
A013550,V120,G075
A011996,V103,G067
A013868,V122,G075
A002052,V023,G017
A001452,V013,G011
A005757,V065,G046
A013781-1,V116,G075
A014024-1,V132,G075
A015595,V142,G080
A013350,V121,G075
A007191,V088,G061
A003651,V045,G029
A013946,V123,G075
A011877,V101,G067
A014171,V132,G075
A013608,V122,G075
A013085,V113,G072
A003899,V047,G031
A013156,V113,G072
A001424,V013,G011
A004778,V061,G042
A013888-1,V122,G075
A009496,V086,G059
A004920,V051,G035
A003647,V045,G029
A007996,V081,G054
A015642,V143,G081
A013693,V124,G075
A015907,V145,G082
A009644,V087,G060
A007981,V081,G054
A003022,V032,G022
A002806,V026,G020
A013889,V122,G075
A004714-2,V051,G035
A013992,V129,G075
A013591,V129,G075
A002302,V023,G017
A013776,V116,G075
A004865,V052,G036
A007228,V080,G053
A002896,V028,G021
A006287,V075,G050
A011970,V102,G067
A013019,V110,G072
A009492,V086,G059
A010390,V096,G064
A013702,V120,G075
A010530,V097,G064
A006275,V074,G050
A008324,V082,G055
A014018,V132,G075
A013992-1,V129,G075
A013695,V116,G075
A005263,V060,G041
A013644,V114,G074
A014084,V133,G075
A003045,V034,G022
A002519,V027,G021
A014274,V123,G075
A013715,V125,G075
A013215,V122,G075
A005756,V065,G046
A015227,V142,G080
A006192,V078,G052
A013932,V123,G075
A014640,V138,G076
A013825-1,V119,G075
A010526,V096,G064
A001393,V011,G010
A008744,V084,G057
A000612,V007,G006
A005028,V055,G038
A005805,V065,G046
A013986,V128,G075
A014280,V128,G075
A004863,V052,G036
A003029,V033,G022
A001981,V021,G016
A014160,V128,G075
A014234,V120,G075
A013638,V114,G074
A013837-1,V119,G075
A011061,V100,G066
A005696,V064,G045
A014750,V139,G077
A011900,V101,G067
A005260,V060,G041
A001957,V020,G016
A005799,V065,G046
A004973,V053,G037
A005844,V067,G046
A000475,V005,G004
A006559,V078,G052
A002790,V026,G020
A010173,V089,G062
A000490,V005,G004
A005354,V062,G043
A006285,V074,G050
A005335,V061,G042
A003082,V036,G022
A008312,V082,G055
A013106,V113,G072
A005015,V055,G038
A013210,V119,G075
A013963,V125,G075
A014720,V139,G077
A007992,V081,G054
A003653,V045,G029
A009662,V087,G060
A003062,V034,G022
A001441,V013,G011
A008313,V082,G055
A001078,V010,G009
A013848-1,V120,G075
A013569,V124,G075
A009454,V086,G059
A015663,V143,G081
A009464,V086,G059
A006513,V078,G052
A001928,V019,G016
A008986,V085,G058
A005258,V060,G041
A003401,V043,G027
A005947,V070,G047
A014223,V119,G075
A005594,V064,G045
A013947,V123,G075
A012627,V109,G071
A004809,V051,G035
A004887,V052,G036
A002988,V031,G022
A010532,V096,G064
A004988,V054,G038
A004870,V052,G036
A007226,V080,G053
A005753,V065,G046
A000493,V005,G004
A014166,V131,G075
A006001-1,V070,G047
A013699,V119,G075
A013888,V122,G075
A004798,V051,G035
A014189,V116,G075
A002885,V027,G021
A011882,V101,G067
A006288,V075,G050
A008715,V083,G056
A014487,V139,G077
A004969,V053,G037
A001977,V020,G016
A000039,V005,G004
A001430,V013,G011
A009778,V088,G061
A005849,V067,G046
A002878,V027,G021
A010188,V092,G062
A011952,V102,G067
A009493,V086,G059
A009459,V086,G059
A009661,V087,G060
A014116,V121,G075
A011023,V100,G066
A013717,V125,G075
A012636,V109,G071
A009002,V085,G058
A005790,V065,G046
A005320,V061,G042
A002794,V026,G020
A002580,V025,G019
A000829,V008,G007
A005954,V070,G047
A014221,V119,G075
A003046,V034,G022
A012470,V114,G074
A007208,V079,G053
A013919-1,V123,G075
A013822-1,V119,G075
A014155,V126,G075
A002901,V028,G021
A009523,V086,G059
A011053,V100,G066
A013999,V131,G075
A013839-1,V119,G075
A005088,V056,G039
A002887,V027,G021
A003751,V046,G030
A011024,V100,G066
A010170,V089,G062
A006551,V078,G052
A002335,V023,G017
A014163,V131,G075
A013242,V123,G075
A014979,V140,G078
A013153,V113,G072
A013160,V113,G072
A003044,V034,G022
A011959,V102,G067
A007204,V079,G053
A006259,V075,G050
A009809,V088,G061
A003678,V045,G029
A004866,V052,G036
A001349,V011,G010
A010313,V094,G063
A002784,V026,G020
A011892,V101,G067
A006079,V071,G048
A009495,V086,G059
A002855,V027,G021
A010547,V097,G064
A002989,V031,G022
A001776,V018,G015
A006325,V078,G052
A013910,V122,G075
A002015,V021,G016
A014015,V132,G075
A013814,V119,G075
A013790,V116,G075
A013233,V129,G075
A012633,V109,G071
A015605,V142,G080
A012647,V109,G071
A003033,V034,G022
A002897,V028,G021
A015695,V143,G081
A002785,V026,G020
A008708,V083,G056
A002579,V025,G019
A013935-1,V123,G075
A014978,V140,G078
A006329,V078,G052
A002003,V021,G016
A011968,V102,G067
A006001,V068,G047
A002891,V027,G021
A015352,V141,G079
A013102,V112,G072
A009664,V087,G060
A005817,V067,G046
A003298,V045,G029
A013843,V120,G075
A000984,V009,G008
A003682,V045,G029
A015650,V143,G081
A009513,V086,G059
A013834-1,V119,G075
A013911,V122,G075
A009786,V088,G061
A014176,V132,G075
A013945,V123,G075
A010518,V096,G064
A002900,V028,G021
A001410,V013,G011
A013627,V114,G074
A010510,V095,G064
A009473,V086,G059
A014737,V139,G077
A008736,V084,G057
A005829,V066,G046
A015600,V142,G080
A001975,V020,G016
A013867,V122,G075
A013626,V114,G074
A009489,V086,G059
A015913,V145,G082
A014104,V116,G075
A013420,V119,G075
A005834,V067,G046
A003777,V046,G030
A006226,V072,G049
A004853,V052,G036
A002879,V027,G021
A013127,V113,G072
A006545,V078,G052
A003030,V033,G022
A011938,V101,G067
A009684,V087,G060
A013810-1,V118,G075
A001976,V020,G016
A009795,V088,G061
A002902,V028,G021
A015917,V146,G082
A005267,V060,G041
A003140,V037,G024
A003782,V046,G030
A006445,V076,G051
A013918,V123,G075
A013065,V113,G072
A013878-1,V122,G075
A013154,V113,G072
A005662,V064,G045
A014145,V123,G075
A010846,V100,G066
A014226,V119,G075
A012639,V109,G071
A011957,V102,G067
A003051,V034,G022
A005561,V063,G044
A005810,V065,G046
A003770,V046,G030
A000604,V007,G006
A013784,V116,G075
A011798,V101,G067
A002013,V021,G016
A011917,V101,G067
A009491,V086,G059
A006272,V074,G050
A005804,V065,G046
A005042,V056,G039
A001997,V021,G016
A010297,V094,G063
A008747,V084,G057
A004836,V051,G035
A014007-1,V132,G075
A000482,V005,G004
A013659,V114,G074
A014197,V116,G075
A004835,V051,G035
A014616,V134,G076
A013641,V114,G074
A006368,V096,G064
A003659,V045,G029
A013819,V119,G075
A004845,V052,G036
A012366,V107,G069
A013476,V122,G075
A010561,V098,G064
A013970-1,V127,G075
A005789,V065,G046
A011918,V101,G067
A010513,V095,G064
A000461,V005,G004
A013745,V119,G075
A007213,V079,G053
A002322,V023,G017
A013694,V126,G075
A005812,V065,G046
A011953,V102,G067
A009676,V087,G060
A011903,V104,G068
A014120,V122,G075
A006266,V074,G050
A002979,V030,G022
A002044,V026,G020
A015628,V143,G081
A013758,V115,G075
A000211,V002,G002
A015457,V143,G081
A013123,V113,G072
A001934,V019,G016
A014644,V138,G076
A003146,V038,G024
A003075,V036,G022
A013819-1,V119,G075
A002778,V026,G020
A013960-1,V125,G075
A011055,V100,G066
A014620,V135,G076
A003405,V043,G027
A005825,V066,G046
A003013,V031,G022
A013155,V113,G072
A009788,V088,G061
A004911,V052,G036
A002344,V023,G017
A002300,V023,G017
A012618,V109,G071
A011052,V100,G066
A001431,V013,G011
A015680,V143,G081
A013636,V114,G074
A002811,V026,G020
A000463,V005,G004
A013821,V119,G075
A010980,V100,G066
A005565,V063,G044
A006448,V076,G051
A014111,V120,G075
A013047,V111,G073
A013808,V118,G075
A012037,V104,G068
A004055,V047,G031
A014621,V135,G076
A011002,V100,G066
A015637,V143,G081
A005792,V065,G046
A002359,V023,G017
A015458,V143,G081
A001439,V013,G011
A015899,V145,G082
A014128,V122,G075
A012607,V109,G071
A014618,V135,G076
A005713,V064,G045
A005095,V057,G039
A013126,V113,G072
A005091,V056,G039
A013090,V113,G072
A006270,V074,G050
A003303,V047,G031
A012346,V105,G069
A001949,V020,G016
A013124,V113,G072
A005823,V066,G046
A013786-1,V116,G075
A013555,V120,G075
A005702,V064,G045
A003036,V034,G022
A014744,V139,G077
A014237,V121,G075
A004992,V054,G038
A014748,V139,G077
A010101,V094,G063
A004868,V052,G036
A015639,V143,G081
A011096,V100,G066
A001985,V021,G016
A000981,V009,G008
A013895,V122,G075
A003052,V034,G022
A014118,V121,G075
A014629,V137,G076
A013792,V116,G075
A014635,V137,G076
A013546,V119,G075
A013635,V114,G074
A005456,V065,G046
A005029,V055,G038
A013883-1,V122,G075
A013767,V115,G075
A011012,V100,G066
A001933,V019,G016
A010185,V091,G062
A001453,V013,G011
A005688,V064,G045
A002622,V026,G020
A002850,V027,G021
A015306,V141,G079
A013071,V112,G072
A005698,V064,G045
A009483,V086,G059
A013828,V119,G075
A013222,V129,G075
A003894,V047,G031
A013869,V122,G075
A013818-1,V119,G075
A000985,V009,G008
A014031,V133,G075
A014344,V137,G076
A002866,V027,G021
A005268,V060,G041
A001954,V020,G016
A014735,V139,G077
A014140,V123,G075
A013110,V113,G072
A005826,V066,G046
A009506,V086,G059
A013887,V122,G075
A015923,V147,G082
A013711,V124,G075
A004898,V052,G036
A013573,V125,G075
A002973,V030,G022
A001956,V020,G016
A005788,V065,G046
A001436,V013,G011
A013724,V122,G075
A014192,V116,G075
A002981,V030,G022
A002971,V031,G022
A014289,V133,G075
A003039,V034,G022
A014304,V129,G075
A013487,V115,G075
A010302,V094,G063
A002872,V027,G021
A002006,V021,G016
A015898,V144,G082
A008631,V084,G057
A009672,V087,G060
A006279,V074,G050
A013011,V115,G075
A005593,V064,G045
A002996,V031,G022
A001951,V020,G016
A000469,V005,G004
A009469,V086,G059
A015636,V143,G081
A001506,V021,G016
A005846,V067,G046
A005762,V065,G046
A015580,V142,G080
A005642,V064,G045
A002318,V023,G017
A009519,V086,G059
A001407,V013,G011
A001728,V021,G016
A014254,V122,G075
A013805,V118,G075
A008757,V084,G057
A005325,V061,G042
A007167,V079,G053
A000465,V005,G004
A003399,V043,G027
A013577,V125,G075
A008568,V084,G057
A005344,V061,G042
A003893,V047,G031
A005816,V065,G046
A006100,V078,G052
A005806,V065,G046
A001990,V021,G016
A015668,V143,G081
A013649,V114,G074
A005309,V061,G042
A004812,V051,G035
A001077,V010,G009
A005092,V056,G039
A013522,V119,G075
A002212,V023,G017
A002007,V021,G016
A012937,V115,G075
A006520,V078,G052
A014639,V138,G076
A013978,V128,G075
A013169,V113,G072
A008755,V084,G057
A008716,V083,G056
A005294,V061,G042
A015532,V143,G081
A001980,V020,G016
A007231,V080,G053
A000982,V009,G008
A002998,V031,G022
A013786,V116,G075
A005760,V065,G046
A004807,V051,G035
A014154,V125,G075
A003768,V046,G030
A011969,V102,G067
A001495,V021,G016
A000268,V003,G002
A013355,V123,G075
A013914-1,V122,G075
A006294,V075,G050
A012344,V105,G069
A002351,V023,G017
A014228,V119,G075
A001920,V019,G016
A013890,V122,G075
A014109,V119,G075
A015666,V143,G081
A004912,V052,G036
A000416,V004,G003
A000609,V007,G006
A013795,V116,G075
A004857,V052,G036
A013976,V128,G075
A003885,V047,G031
A005796,V065,G046
A001932,V019,G016
A014164,V131,G075
A014103,V116,G075
A006457,V077,G051
A013213,V121,G075
A008718,V083,G056
A003404,V043,G027
A014241,V122,G075
A004864,V052,G036
A007993,V081,G054
A014153,V125,G075
A006450,V077,G051
A010324,V094,G063
A015476,V143,G081
A013342,V121,G075
A004856,V052,G036
A006280,V074,G050
A004901,V052,G036
A014011,V132,G075
A005031,V055,G038
A003904,V047,G031
A013775-1,V116,G075
A009511,V086,G059
A007207,V079,G053
A008321,V082,G055
A013147,V113,G072
A005836,V067,G046
A013840,V119,G075
A006074,V071,G048
A011051,V100,G066
A013855,V121,G075
A014284,V129,G075
A003692,V045,G029
A000486,V005,G004
A011045,V100,G066
A002984,V030,G022
A006301,V075,G050
A013933-1,V123,G075
A010422,V099,G065
A013880,V122,G075
A014179,V133,G075
A014083,V133,G075
A015596,V142,G080
A014178,V133,G075
A006537,V078,G052
A003657,V045,G029
A014185,V115,G075
A013093,V113,G072
A005571,V063,G044
A015674,V143,G081
A003665,V045,G029
A014210,V118,G075
A013934-1,V123,G075
A013811,V118,G075
A006104,V074,G050
A014078,V133,G075
A013095,V113,G072
A003781,V046,G030
A003889,V047,G031
A004833,V051,G035
A014077,V133,G075
A013658,V114,G074
A002350,V023,G017
A013901,V122,G075
A001941,V020,G016
A003644,V045,G029
A013822,V119,G075
A005012,V055,G038
A006228,V072,G049
A013143,V115,G075
A002863,V027,G021
A001942,V020,G016
A006229,V073,G049
A014630,V137,G076
A006456,V077,G051
A001504,V019,G016
A003685,V045,G029
A003872,V047,G031
A006510,V078,G052
A013072,V112,G072
A011009,V100,G066
A004839,V051,G035
A010982,V100,G066
A006549,V078,G052
A005736,V065,G046
A009521,V086,G059
A001429,V013,G011
A014121,V122,G075
A002018,V022,G016
A000219,V002,G002
A014275,V125,G075
A012645,V109,G071
A006300,V075,G050
A001779,V018,G015
A013922,V123,G075
A002311,V023,G017
A013833,V119,G075
A009773,V088,G061
A006516,V078,G052
A006451,V077,G051
A006261,V075,G050
A003663,V045,G029
A003919,V047,G031
A015587,V142,G080
A011059,V100,G066
A002306,V023,G017
A005311,V061,G042
A011967,V102,G067
A013984,V128,G075
A001009,V013,G011
A011960,V102,G067
A009510,V086,G059
A014721,V139,G077
A013109,V113,G072
A006525,V078,G052
A005261,V060,G041
A013846,V120,G075
A001437,V013,G011
A013218,V123,G075
A014182,V115,G075
A010326,V094,G063
A013640,V114,G074
A014656,V138,G076
A004877,V052,G036
A011006,V100,G066
A006447,V076,G051
A013514,V124,G075
A009681,V087,G060
A005798,V065,G046
A015640,V143,G081
A014126,V122,G075
A012652,V109,G071
A001432,V013,G011
A013823,V119,G075
A010321,V094,G063
A014033,V133,G075
A005755,V065,G046
A001693,V017,G014
A009007,V085,G058
A013642,V114,G074
A002296,V023,G017
A014123,V122,G075
A005797,V065,G046
A013781,V116,G075
A003914,V047,G031
A011054,V100,G066
A009665,V087,G060
A013782,V116,G075
A010546,V097,G064
A004027,V048,G032
A013820-1,V119,G075
A011923,V101,G067
A010292,V094,G063
A014013,V132,G075
A012641,V109,G071
A012634,V109,G071
A005026,V055,G038
A011989,V104,G068
A006528,V078,G052
A010533,V096,G064
A012631,V109,G071
A012614,V109,G071
A002780,V026,G020
A010534,V096,G064
A002213,V026,G020
A013713,V125,G075
A013529,V119,G075
A014230,V119,G075
A010176,V089,G062
A015920,V146,G082
A014273,V123,G075
A006267,V074,G050
A000476,V005,G004
A013563,V122,G075
A013217,V123,G075
A002624,V026,G020
A003139,V037,G024
A003079,V036,G022
A013714,V125,G075
A000266,V003,G002
A011898,V101,G067
A014129,V122,G075
A013080,V113,G072
A013968,V126,G075
A004828,V051,G035
A012047,V104,G068
A008758,V084,G057
A013236,V119,G075
A014207,V116,G075
A001959,V020,G016
A002327,V023,G017
A011072,V100,G066
A005570,V063,G044
A013965,V125,G075
A001445,V013,G011
A004491,V052,G036
A004834,V051,G035
A009482,V086,G059
A009481,V086,G059
A006284,V074,G050
A008753,V084,G057
A013150,V113,G072
A013113,V113,G072
A004797,V051,G035
A001705,V018,G015
A000218,V002,G002
A013993,V131,G075
A013166,V113,G072
A004811,V051,G035
A003915,V047,G031
A003323,V047,G031
A009501,V086,G059
A014150,V124,G075
A013707,V122,G075
A013562,V122,G075
A003069,V034,G022
A012610,V109,G071
A012431,V109,G071
A012334,V106,G069
A004818,V051,G035
A005714,V064,G045
A013928-1,V123,G075
A013575,V125,G075
A007995,V081,G054
A004989,V054,G038
A015657,V143,G081
A003780,V046,G030
A015665,V143,G081
A010168,V089,G062
A014195,V116,G075
A002049,V023,G017
A003010,V031,G022
A000494,V005,G004
A003088,V045,G029
A015660,V143,G081
A013930,V123,G075
A013841,V120,G075
A009803,V088,G061
A008741,V084,G057
A004855,V052,G036
A013559,V122,G075
A009683,V087,G060
A005749,V065,G046
A013929,V123,G075
A009663,V087,G060
A003041,V034,G022
A007982,V081,G054
A013912,V122,G075
A014117,V121,G075
A012630,V109,G071
A011947,V102,G067
A009468,V086,G059
A013574,V125,G075
A005329,V061,G042
A002019,V022,G016
A009752,V088,G061
A008565,V084,G057
A003302,V047,G031
A003892,V047,G031
A005107,V058,G039
A013491,V115,G075
A010194,V093,G062
A013943,V123,G075
A014038,V133,G075
A008707,V083,G056
A000607,V007,G006
A013958,V125,G075
A005327,V061,G042
A003057,V034,G022
A013899,V122,G075
A013842,V120,G075
A001969,V020,G016
A011040,V100,G066
A014290,V133,G075
A013008,V110,G072
A004820,V051,G035
A013812,V118,G075
A008635,V084,G057
A002893,V028,G021
A007210,V079,G053
A013703,V120,G075
A006530,V078,G052
A003040,V034,G022
A013919,V123,G075
A015058,V142,G080
A015659,V143,G081
A005636,V064,G045
A003769,V046,G030
A002343,V023,G017
A011899,V101,G067
A006271,V074,G050
A013774,V116,G075
A013074,V113,G072
A006531,V078,G052
A010300,V094,G063
A002906,V029,G021
A009003,V085,G058
A011972,V102,G067
A013595,V131,G075
A005935,V068,G047
A013884,V122,G075
A005595,V064,G045
A014632,V137,G076
A010559,V098,G064
A002481,V024,G018
A006544,V078,G052
A005420,V062,G043
A011937,V102,G067
A009498,V086,G059
A003138,V038,G024
A003004,V031,G022
A002808,V026,G020
A001938,V019,G016
A000967-1,V013,G011
A014283,V129,G075
A001084,V010,G009
A010294,V094,G063
A002045,V026,G020
A009499,V086,G059
A012243,V108,G070
A014214,V118,G075
A013969-1,V127,G075
A009777,V088,G061
A006078,V071,G048
A014245,V122,G075
A013239,V120,G075
A011056,V100,G066
A013211,V120,G075
A013988-1,V128,G075
A014134,V122,G075
A014738,V139,G077
A002010,V021,G016
A005302,V061,G042
A001968,V020,G016
A009659,V087,G060
A014287,V132,G075
A013633,V114,G074
A013091,V113,G072
A011914,V101,G067
A015911,V145,G082
A013903-1,V122,G075
A002792,V026,G020
A005090,V056,G039
A014204,V116,G075
A014753,V139,G077
A014622,V135,G076
A015401,V141,G079
A013879-1,V122,G075
A011955,V102,G067
A004900,V052,G036
A004643,V052,G036
A011897,V101,G067
A002004,V021,G016
A014107,V119,G075
A005638,V064,G045
A000216,V002,G002
A010557,V098,G064
A014125,V122,G075
A011916,V101,G067
A006327,V078,G052
A014205,V116,G075
A013652,V114,G074
A003597,V044,G028
A002995,V031,G022
A013893,V122,G075
A004847,V052,G036
A014977,V140,G078
A013141,V113,G072
A013915,V122,G075
A005831,V066,G046
A005851,V067,G046
A010981,V100,G066
A012640,V109,G071
A005334,V061,G042
A014224,V119,G075
A009680,V087,G060
A013991-1,V129,G075
A005256,V060,G041
A001385,V011,G010
A009802,V088,G061
A005850,V067,G046
A002574,V025,G019
A009517,V086,G059
A013897,V122,G075
A005769,V065,G046
A004763,V065,G046
A011965,V102,G067
A004816,V051,G035
A001989,V021,G016
A008566,V084,G057
A014647,V138,G076
A006008,V074,G050
A002301,V023,G017
A014637,V138,G076
A013553,V120,G075
A000605,V007,G006
A002341,V023,G017
A000267,V003,G002
A000488,V005,G004
A005419,V062,G043
A000466,V005,G004
A007199,V079,G053
A011087,V100,G066
A006278,V074,G050
A003662,V045,G029
A005643,V064,G045
A005405,V062,G043
A003011,V031,G022
A013907,V122,G075
A005775,V065,G046
A014277,V127,G075
A014029,V133,G075
A004862,V052,G036
A013894-1,V122,G075
A000484,V005,G004
A013518,V126,G075
A014191,V116,G075
A003402,V043,G027
A012657,V109,G071
A006535,V078,G052
A015643,V143,G081
A001450,V013,G011
A004726,V051,G035
A005854,V067,G046
A005402,V062,G043
A014177,V132,G075
A013497,V130,G075
A004908,V052,G036
A011063,V100,G066
A006511,V078,G052
A002352,V023,G017
A014268,V123,G075
A014199,V116,G075
A009689,V087,G060
A002982,V030,G022
A005811,V065,G046
A005723,V064,G045
A005024,V055,G038
A000467,V005,G004
A013960,V125,G075
A007187,V079,G053
A004801,V051,G035
A005304,V061,G042
A005639,V064,G045
A015648,V143,G081
A013128,V113,G072
A001961,V020,G016
A014255,V122,G075
A003909,V047,G031
A014722,V139,G077
A009789,V088,G061
A007230,V080,G053
A001604,V014,G012
A013791,V116,G075
A005556,V065,G046
A014173,V132,G075
A013806-1,V118,G075
A009470,V086,G059
A012644,V109,G071
A011909,V101,G067
A009487,V086,G059
A011091,V100,G066
A014157,V127,G075
A003144,V038,G024
A010172,V089,G062
A008759,V084,G057
A005093,V056,G039
A013238,V128,G075
A014000,V131,G075
A006543,V078,G052
A011906,V101,G067
A003061,V034,G022
A003628,V045,G029
A013599,V132,G075
A005398,V062,G043
A006458,V077,G051
A013349,V122,G075
A003067,V034,G022
A004802,V051,G035
A013343,V122,G075
A002705,V026,G020
A014099,V115,G075
A009651,V087,G060
A002009,V021,G016
A005098,V057,G039
A013231,V121,G075
A014183,V115,G075
A005721,V064,G045
A003338,V047,G031
A013566,V122,G075
A013924,V123,G075
A013810,V118,G075
A005761,V065,G046
A002000,V021,G016
A013777,V116,G075
A005025,V055,G038
A001391,V011,G010
A003772,V046,G030
A000217,V002,G002
A014747,V139,G077
A011029,V100,G066
A011001,V100,G066
A015530,V143,G081
A012763,V113,G072
A002348,V023,G017
A014281,V128,G075
A013079,V113,G072
A005318,V061,G042
A003907,V047,G031
A001000,V013,G011
A015902,V145,G082
A014186,V116,G075
A013158,V113,G072
A009456,V086,G059
A013630,V114,G074
A014137,V122,G075
A013995,V131,G075
A002791,V026,G020
A015903,V145,G082
A005558,V063,G044
A014149,V123,G075
A013902-1,V122,G075
A013226,V133,G075
A011922,V101,G067
A002974,V030,G022
A006527,V078,G052
A005765,V065,G046
A014196,V116,G075
A003397,V043,G027
A003065,V034,G022
A014733,V139,G077
A005852,V067,G046
A005019,V055,G038
A013549,V120,G075
A014257,V122,G075
A014242,V122,G075
A013994,V131,G075
A013876,V122,G075
A013157,V113,G072
A010289,V094,G063
A006227,V072,G049
A010521,V096,G064
A011075,V100,G066
A011032,V100,G066
A013807,V118,G075
A010167,V089,G062
A015694,V143,G081
A003650,V045,G029
A005259,V060,G041
A003171,V038,G024
A003879,V047,G031
A002874,V027,G021
A009673,V087,G060
A012643,V109,G071
A010196,V093,G062
A003673,V045,G029
A012342,V105,G069
A010142,V094,G063
A013547,V119,G075
A004804,V051,G035
A005803,V065,G046
A005701,V064,G045
A007144-1,V080,G053
A001449,V013,G011
A015531,V143,G081
A006524,V078,G052
A003462,V047,G031
A010509,V095,G064
A003060,V034,G022
A013116,V113,G072
A015398,V141,G079
A014012,V132,G075
A014641,V138,G076
A005718,V064,G045
A013498,V130,G075
A004869,V052,G036
A015593,V142,G080
A013167,V113,G072
A002573,V025,G019
A014235,V120,G075
A013805-1,V118,G075
A009776,V088,G061
A014742,V139,G077
A006291,V075,G050
A003905,V047,G031
A015682,V143,G081
A013345,V128,G075
A003070,V034,G022
A015626,V143,G081
A013784-1,V116,G075
A010541,V097,G064
A005641,V064,G045
A013915-1,V122,G075
A011101,V100,G066
A005341,V061,G042
A004837,V051,G035
A002873,V027,G021
A014227,V119,G075
A010312,V094,G063
A014628,V137,G076
A010182,V090,G062
A002980,V030,G022
A014217,V119,G075
A013774-1,V116,G075
A005724,V064,G045
A002773,V026,G020
A015661,V143,G081
A014729,V139,G077
A010515,V096,G064
A005857,V067,G046
A015583,V142,G080
A005809,V065,G046
A005559,V063,G044
A002807,V026,G020
A013824,V119,G075
A011961,V102,G067
A004905,V052,G036
A013818,V119,G075
A010191,V092,G062
A002867,V027,G021
A008315,V082,G055
A005301,V061,G042
A002876,V027,G021
A013766,V115,G075
A015475,V143,G081
A002997,V031,G022
A011092,V100,G066
A005332,V061,G042
A015672,V143,G081
A011910,V101,G067
A010307,V094,G063
A004838,V051,G035
A013159,V113,G072
A013913,V122,G075
A002012,V021,G016
A001988,V021,G016
A014172,V132,G075
A005781,V065,G046
A003409,V043,G027
A011035,V100,G066
A013551,V120,G075
A014114,V123,G075
A007212,V079,G053
A014162,V131,G075
A014219,V119,G075
A011031,V100,G066
A013525,V119,G075
A003680,V045,G029
A013844,V120,G075
A014203,V116,G075
A009472,V086,G059
A005313,V061,G042
A013078,V113,G072
A011894,V101,G067
A009796,V088,G061
A009522,V086,G059
A009467,V086,G059
A009453,V086,G059
A013932-1,V123,G075
A009518,V086,G059
A003064,V034,G022
A005663,V065,G046
A003398,V043,G027
A013802,V117,G075
A008985,V085,G058
A011940,V101,G067
A001919,V019,G016
A010165,V089,G062
A001031,V013,G011
A002307,V023,G017
A012638,V109,G071
A013936,V123,G075
A007144,V080,G053
A009668,V087,G060
A002777,V026,G020
A002862,V027,G021
A003116,V030,G022
A007203,V079,G053
A012042,V104,G068
A003071,V034,G022
A013920-1,V123,G075
A014003,V131,G075
A001123,V013,G011
A015687,V143,G081
A005845,V067,G046
A008323,V082,G055
A007215,V080,G053
A006522,V078,G052
A012624,V109,G071
A003683,V045,G029
A015399,V141,G079
A002374,V023,G017
A014719,V139,G077
A001967,V020,G016
A000415,V004,G003
A013953,V124,G075
A011992,V103,G067
A013556,V120,G075
A005336,V061,G042
A003783,V046,G030
A014130,V122,G075
A013084,V113,G072
A013878,V122,G075
A001947,V020,G016
A014239,V121,G075
A013571,V124,G075
A011017,V100,G066
A013647,V114,G074
A010550,V098,G064
A011980,V102,G067
A011041,V100,G066
A013076,V113,G072
A000283,V003,G002
A013519,V126,G075
A009688,V087,G060
A015692,V143,G081
A013421,V119,G075
A008318,V082,G055
A013650,V114,G074
A011019,V100,G066
A015646,V143,G081
A014736,V139,G077
A005266,V060,G041
A000477,V005,G004
A003882,V047,G031
A003912,V047,G031
A000464,V005,G004
A015652,V143,G081
A007227,V080,G053
A003668,V045,G029
A002051,V023,G017
A011915,V101,G067
A010839,V099,G065
A003654,V045,G029
A003145,V038,G024
A003147,V039,G024
A002814,V026,G020
A012660,V109,G071
A001451,V013,G011
A014038-1,V133,G075
A005716,V064,G045
A011944,V102,G067
A013212,V120,G075
A012038,V104,G068
A011034,V100,G066
A001440,V013,G011
A011088,V100,G066
A005317,V061,G042
A004990,V054,G038
A014746,V139,G077
A005704,V064,G045
A011011,V100,G066
A013705,V121,G075
A014723,V139,G077
A014014,V132,G075
A013816,V119,G075
A013984-1,V128,G075
A013064,V113,G072
A011958,V102,G067
A001444,V013,G011
A013848,V120,G075
A009762,V088,G061
A013982,V128,G075
A008317,V082,G055
A006553,V078,G052
A002326,V023,G017
A001417,V013,G011
A000214,V002,G002
A013920,V123,G075
A010311,V094,G063
A010325,V094,G063
A005330,V061,G042
A006546,V078,G052
A009660,V087,G060
A001926,V019,G016
A001995,V021,G016
A005040,V056,G039
A010845,V099,G065
A015675,V143,G081
A002875,V027,G021
A006560,V078,G052
A000563,V006,G005
A014246,V122,G075
A011004,V100,G066
A005830,V066,G046
A006413,V078,G052
A003596,V044,G028
A011927,V101,G067
A014131,V122,G075
A005833,V067,G046
A010841,V099,G065
A002787,V026,G020
A002317,V023,G017
A014303,V129,G075
A001778,V018,G015
A014231,V120,G075
A014634,V137,G076
A002027,V022,G016
A001427,V013,G011
A005822,V066,G046
A013956,V124,G075
A014025,V133,G075
A005569,V063,G044
A005316,V061,G042
A006541,V078,G052
A001411,V013,G011
A011077,V100,G066
A014627,V137,G076
A000615,V007,G006
A014112,V120,G075
A009792,V088,G061
A006425,V078,G052
A015604,V142,G080
A014724,V139,G077
A004817,V051,G035
A014741,V139,G077
A014215,V118,G075
A001076,V010,G009
A001074,V010,G009
A013933,V123,G075
A005940,V068,G047
A005262,V060,G041
A014251,V122,G075
A015669,V143,G081
A013083,V113,G072
A005699,V064,G045
A005771,V065,G046
A010316,V094,G063
A002304,V023,G017
A011878,V102,G067
A005596,V064,G045
A003898,V047,G031
A003880,V047,G031
A013423,V116,G075
A005774,V065,G046
A000417,V004,G003
A004885,V052,G036
A003396,V043,G027
A014202,V116,G075
A003156,V040,G025
A013598,V131,G075
A012358,V107,G069
A003388,V043,G027
A013221,V129,G075
A013765-1,V115,G075
A012046,V104,G068
A000413,V004,G003
A014159,V128,G075
A009471,V086,G059
A013778,V116,G075
A002852,V027,G021
A005791,V065,G046
A005338,V061,G042
A003461,V047,G031
A005828,V066,G046
A015477,V143,G081
A002329,V023,G017
A013764-1,V115,G075
A006103,V078,G052
A003014,V031,G022
A001964,V020,G016
A000614,V007,G006
A011901,V101,G067
A013054,V112,G072
A002905,V029,G021
A007196,V079,G053
A015686,V143,G081
A002976,V030,G022
A003669,V045,G029
A015901,V145,G082
A003157,V040,G025
A001426,V013,G011
A013111,V113,G072
A009779,V088,G061
A002810,V026,G020
A001939,V019,G016
A013850,V120,G075
A008725,V083,G056
A013225,V133,G075
A003656,V045,G029
A008314,V082,G055
A015638,V143,G081
A010848,V099,G065
A006534,V078,G052
A004391,V052,G036
A004903,V052,G036
A006529,V078,G052
A004815,V051,G035
A002858,V027,G021
A015592,V142,G080
A013950,V123,G075
A005567,V063,G044
A015478,V143,G081
A005952,V070,G047
A003674,V045,G029
A015232,V142,G080
A005770,V065,G046
A014266,V123,G075
A015582,V142,G080
A014002,V131,G075
A013902,V122,G075
A010504,V095,G064
A012635,V109,G071
A003244,V042,G026
A010318,V094,G063
A013624,V114,G074
A007198,V079,G053
A002022,V022,G016
A001822,V021,G016
A009785,V088,G061
A012045,V104,G068
A013645,V114,G074
A013823-1,V119,G075
A002518,V025,G019
A010315,V094,G063
A014161,V128,G075
A008319,V082,G055
A002008,V021,G016
A014213,V118,G075
A000472,V005,G004
A002805,V026,G020
A015497,V143,G081
A000460,V005,G004
A002883,V027,G021
A014657,V138,G076
A013827,V119,G075
A013813,V119,G075
A005089,V056,G039
A013835,V119,G075
A001081,V010,G009
A001936,V019,G016
A010524,V096,G064
A007237,V080,G053
A006230,V073,G049
A011081,V100,G066
A009490,V086,G059
A015915,V145,G082
A007224,V080,G053
A002011,V021,G016
A009780,V088,G061
A003652,V045,G029
A009524,V086,G059
A013148,V113,G072
A006375,V078,G052
A013688,V116,G075
A010162,V089,G062
A013523,V119,G075
A008320,V082,G055
A014263,V123,G075
A009004,V085,G058
A013896,V122,G075
A013901-1,V122,G075
A002991,V031,G022
A012410,V109,G071
A011080,V100,G066
A001408,V013,G011
A011975,V102,G067
A009526,V086,G059
A001414,V013,G011
A013643,V114,G074
A013473,V114,G074
A013632,V114,G074
A003085,V036,G022
A005018,V055,G038
A014143,V123,G075
A010996,V100,G066
A005315,V061,G042
A010997,V100,G066
A009527,V086,G059
A004026,V048,G032
A003015,V031,G022
A015894,V144,G082
A013564,V122,G075
A012044,V104,G068
A005342,V061,G042
A004902,V052,G036
A013886,V122,G075
A003035,V034,G022
A014035,V133,G075
A009797,V088,G061
A005951,V070,G047
A015456,V143,G081
A001922,V019,G016
A002211,V023,G017
A003911,V047,G031
A015906,V145,G082
A013114,V113,G072
A001946,V020,G016
A011038,V100,G066
A002779,V026,G020
A006369,V078,G052
A006274,V074,G050
A005936,V068,G047
A012348,V106,G069
A010838,V099,G065
A015912,V145,G082
A013904,V122,G075
A000980,V013,G011
A013916,V122,G075
A013136,V113,G072
A004895,V052,G036
A001935,V019,G016
A013861-1,V121,G075
A013777-1,V116,G075
A013142,V113,G072
A010544,V098,G064
A003017,V031,G022
A015910,V145,G082
A013783,V116,G075
A005783,V065,G046
A014631,V137,G076
A011920,V101,G067
A013954,V124,G075
A013773,V116,G075
A002871,V027,G021
A003785,V047,G031
A005944,V068,G047
A002739,V027,G021
A009678,V087,G060
A002771,V026,G020
A002578,V025,G019
A013825,V119,G075
A001963,V020,G016
A013100,V113,G072
A011021,V100,G066
A013974,V127,G075
A013696,V119,G075
A010511,V095,G064
A014082,V133,G075
A013883,V122,G075
A001080,V010,G009
A013087,V113,G072
A000479,V005,G004
A009804,V088,G061
A010295,V094,G063
A004985,V055,G038
A013971,V127,G075
A013900,V122,G075
A011033,V100,G066
A009479,V086,G059
A011939,V101,G067
A010520,V096,G064
A001697,V017,G014
A013170,V113,G072
A013849-1,V120,G075
A014016,V132,G075
A013152,V113,G072
A002868,V027,G021
A008738,V084,G057
A003117,V036,G022
A013528,V119,G075
A014001,V131,G075
A014240,V121,G075
A010535,V096,G064
A005795,V065,G046
A015059,V142,G080
A013846-1,V120,G075
A009764,V088,G061
A001433,V013,G011
A003021,V032,G022
A013580,V128,G075
A009515,V086,G059
A004714-1,V051,G035
A013998,V131,G075
A004850,V052,G036
A011977,V102,G067
A013905,V122,G075
A003236,V045,G029
A000462,V005,G004
A015688,V143,G081
A001986,V021,G016
A000967,V013,G011
A013230,V122,G075
A009775,V088,G061
A005780,V065,G046
A002002,V021,G016
A013796-1,V116,G075
A006283,V074,G050
A013796,V116,G075
A013870,V122,G075
A011046,V100,G066
A003026,V032,G022
A014034,V133,G075
A009520,V086,G059
A013112,V113,G072
A001421,V013,G011
A003658,V045,G029
A013069,V112,G072
A014136,V122,G075
A005319,V061,G042
A005694,V065,G046
A002001,V021,G016
A002881,V027,G021
A002992,V031,G022
A011942,V102,G067
A003605-1,V045,G029
A013601,V132,G075
A001691,V017,G014
A013094,V113,G072
A010999,V100,G066
A010463,V096,G064
A001420,V013,G011
A004990-1,V054,G038
A001008,V013,G011
A014537,V134,G076
A001700,V017,G014
A013761,V115,G075
A008710,V083,G056
A001948,V020,G016
A014201,V116,G075
A013938,V123,G075
A013346,V129,G075
A013130,V113,G072
A012658,V109,G071
A002299,V023,G017
A015348,V141,G079
A000468,V005,G004
A006453,V077,G051
A015088,V141,G079
A010545,V097,G064
A003199,V043,G027
A014270,V123,G075
A014244,V122,G075
A014975,V140,G078
A001955,V020,G016
A013854,V123,G075
A012040,V104,G068
A011095,V100,G066
A015904,V145,G082
A015924,V147,G082
A013220,V128,G075
A013602,V132,G075
A009679,V087,G060
A003047,V034,G022
A011981,V102,G067
A000610,V007,G006
A012590,V108,G070
A010169,V089,G062
A003322,V047,G031
A014619,V135,G076
A013967,V125,G075
A006532,V078,G052
A004904,V052,G036
A006077,V071,G048
A002869,V027,G021
A000492,V005,G004
A014250,V122,G075
A009682,V087,G060
A015689,V143,G081
A013088,V113,G072
A007225,V080,G053
A005787,V065,G046
A014019,V132,G075
A005939,V068,G047
A002970,V031,G022
A003675,V045,G029
A004714-3,V051,G035
A001958,V020,G016
A013118,V113,G072
A002983,V030,G022
A006298,V075,G050
A002334,V023,G017
A005096,V057,G039
A007236,V080,G053
A009415,V094,G063
A001699,V017,G014
A004881,V052,G036
A002005,V021,G016
A001966,V020,G016
A003073,V034,G022
A005720,V064,G045
A011936,V101,G067
A001645,V017,G014
A014272,V123,G075
A011911,V101,G067
A003392,V043,G027
A005255,V060,G041
A013340,V119,G075
A003078,V036,G022
A001992,V021,G016
A005010,V055,G038
A014755,V139,G077
A014119,V122,G075
A003684,V045,G029
A001419,V013,G011
A005099,V057,G039
A008756,V084,G057
A013931,V123,G075
A013783-1,V116,G075
A004872,V052,G036
A011912,V101,G067
A004827,V051,G035
A002021,V022,G016
A013800,V116,G075
A005786,V065,G046
A004825,V051,G035
A013788,V116,G075
A005557,V063,G044
A010560,V098,G064
A006533,V078,G052
A013560,V122,G075
A013692,V130,G075
A009765,V088,G061
A001442,V013,G011
A001927,V019,G016
A010445,V099,G065
A012039,V104,G068
A011016,V100,G066
A002319,V023,G017
A006093,V078,G052
A005722,V064,G045
A004832,V051,G035
A002853,V027,G021
A005824,V066,G046
A005333,V061,G042
A005793,V065,G046
A002802,V026,G020
A015681,V143,G081
A014743,V139,G077
A005312,V061,G042
A010299,V094,G063
A013700,V119,G075
A013208,V116,G075
A014285,V129,G075
A011078,V100,G066
A004640,V052,G036
A005264,V060,G041
A004909,V052,G036
A013787-1,V116,G075
A013863,V121,G075
A013527,V119,G075
A014212,V118,G075
A002886,V027,G021
A000608,V007,G006
A013600,V132,G075
A015606,V142,G080
A003400,V043,G027
A005709,V064,G045
A005763,V065,G046
A012615,V109,G071
A003906,V047,G031
A002903,V029,G021
A002347,V023,G017
A012591,V108,G070
A013809-1,V118,G075
A015581,V142,G080
A002969,V031,G022
A014648,V138,G076
A006536,V078,G052
A011946,V102,G067
A011876,V101,G067
A012613,V109,G071
A005321,V061,G042
A013857-1,V121,G075
A014279,V128,G075
A010171,V089,G062
A006282,V074,G050
A002025,V022,G016
A013520,V116,G075
A001993,V021,G016
A013475,V122,G075
A002861,V027,G021
A008714,V083,G056
A006538,V078,G052
A014267,V123,G075
A011950,V102,G067
A001972,V020,G016
A014209,V118,G075
A003243,V042,G026
A002907,V029,G021
A000606,V007,G006
A011089,V100,G066
A013081,V113,G072
A010309,V094,G063
A013513,V124,G075
A011086,V100,G066
A002333,V023,G017
A013836-1,V119,G075
A013121,V113,G072
A010308,V094,G063
A005778,V065,G046
A013209,V119,G075
A015678,V143,G081
A003670,V045,G029
A001937,V019,G016
A013718,V129,G075
A002877,V027,G021
A011000,V100,G066
A012621,V109,G071
A005100,V058,G039
A001389,V011,G010
A015641,V143,G081
A001984,V021,G016
A007217,V080,G053
A002026,V022,G016
A013661,V114,G074
A005853,V067,G046
A013909,V122,G075
A006449,V077,G051
A012347,V105,G069
A008752,V084,G057
A002346,V023,G017
A014035-1,V133,G075
A010303,V094,G063
A014010,V132,G075
A011928,V101,G067
A011982,V102,G067
A001979,V020,G016
A014115,V121,G075
A013847,V120,G075
A002569,V025,G019
A001438,V013,G011
A005030,V055,G038
A011030,V100,G066
A001943,V020,G016
A011905,V101,G067
A009497,V086,G059
A011984,V102,G067
A002321,V023,G017
A008750,V084,G057
A005726,V064,G045
A012041,V104,G068
A014745,V139,G077
A014725,V139,G077
A013881-1,V122,G075
A010175,V089,G062
A013552,V120,G075
A010562,V098,G064
A010843,V099,G065
A013830,V119,G075
A009781,V088,G061
A013983,V128,G075
A006268,V074,G050
A002890,V027,G021
A014976,V140,G078
A010296,V094,G063
A009691,V087,G060
A010542,V097,G064
A002214,V026,G020
A004814,V051,G035
A002990,V031,G022
A014004,V131,G075
A006414,V078,G052
A001925,V019,G016
