"id_presupuesto_mensual","inicio_mes","final_mes","razon_uso","descripcion","monto_presupuesto","id_presupuesto","periodo_inicio","periodo_final"
1,2015-04-28,2015-12-31,DINERO,descripcion_presupuesto_1,-6.0,,201504,201512
2,2015-04-28,2015-12-31,LIBRE,descripcion_presupuesto_2,-28206.0,,201504,201512
3,2015-04-28,2015-12-31,NECESIDAD,descripcion_presupuesto_3,-37371.0,,201504,201512
4,2015-04-28,2015-12-31,RECREACION,descripcion_presupuesto_4,-63456.0,,201504,201512
5,2015-04-28,2015-12-31,SUSCRIPCION,descripcion_presupuesto_5,-7056.0,,201504,201512
6,2015-04-28,2015-12-31,TRABAJO,descripcion_presupuesto_6,-6.0,,201504,201512
7,2015-04-28,2015-12-31,TRANSPORTE,descripcion_presupuesto_7,-51471.0,,201504,201512
8,2015-05-01,2015-05-31,P.VIAJE,descripcion_presupuesto_8,-225606.0,P016,201505,201505
9,2015-06-01,2015-06-30,P.GUSTOS,descripcion_presupuesto_9,-133956.0,P001,201506,201506
10,2015-06-01,2015-06-30,P.GUSTOS,descripcion_presupuesto_10,-77556.0,P012,201506,201506
11,2015-06-01,2015-06-30,P.FORMAL,descripcion_presupuesto_11,-98706.0,P011,201506,201506
12,2015-07-01,2015-07-31,P.GUSTOS,descripcion_presupuesto_12,-155106.0,P012,201507,201507
13,2015-07-01,2015-07-31,P.SALUD,descripcion_presupuesto_13,-105756.0,P014,201507,201507
14,2015-08-01,2015-08-31,P.FORMAL,descripcion_presupuesto_14,-190356.0,P015,201508,201508
15,2015-08-01,2015-08-31,P.VIAJE,descripcion_presupuesto_15,-141006.0,P017,201508,201508
16,2015-09-01,2015-09-30,P.VIAJE,descripcion_presupuesto_16,-123381.0,P016,201509,201509
17,2015-09-01,2015-09-30,P.VIAJE,descripcion_presupuesto_17,-24681.0,P017,201509,201509
18,2015-09-01,2015-09-30,P.FORMAL,descripcion_presupuesto_18,-105756.0,P011,201509,201509
19,2015-09-01,2015-09-30,P.GUSTOS,descripcion_presupuesto_19,-105756.0,P012,201509,201509
20,2015-09-01,2015-09-30,P.RECREACION,descripcion_presupuesto_20,-70506.0,P013,201509,201509
21,2015-11-01,2015-11-30,P.VIAJE,descripcion_presupuesto_21,-465306.0,P016,201511,201511
22,2015-12-01,2015-12-31,P.RECREACION,descripcion_presupuesto_22,-267906.0,P013,201512,201512
23,2015-12-01,2015-12-31,P.VIAJE,descripcion_presupuesto_23,-21156.0,P018,201512,201512
24,2016-01-01,2016-01-31,P.VIAJE,descripcion_presupuesto_24,-42306.0,P018,201601,201601
25,2016-01-01,2016-12-31,DINERO,descripcion_presupuesto_25,-6.0,,201601,201612
26,2016-01-01,2016-12-31,LIBRE,descripcion_presupuesto_26,-52881.0,,201601,201612
27,2016-01-01,2016-12-31,NECESIDAD,descripcion_presupuesto_27,-56406.0,,201601,201612
28,2016-01-01,2016-12-31,RECREACION,descripcion_presupuesto_28,-109281.0,,201601,201612
29,2016-01-01,2016-12-31,SUSCRIPCION,descripcion_presupuesto_29,-31731.0,,201601,201612
30,2016-01-01,2016-12-31,TRABAJO,descripcion_presupuesto_30,-6.0,,201601,201612
31,2016-01-01,2016-12-31,TRANSPORTE,descripcion_presupuesto_31,-63456.0,,201601,201612
32,2016-02-01,2016-02-29,P.GUSTOS,descripcion_presupuesto_32,-521706.0,P012,201602,201602
33,2016-03-01,2016-03-31,P.FORMAL,descripcion_presupuesto_33,-282006.0,P011,201603,201603
34,2016-03-01,2016-03-31,P.SALUD,descripcion_presupuesto_34,-401856.0,P014,201603,201603
35,2016-04-01,2016-04-30,P.GUSTOS,descripcion_presupuesto_35,-705006.0,P012,201604,201604
36,2016-05-01,2016-05-31,P.VIAJE,descripcion_presupuesto_36,-105756.0,P020,201605,201605
37,2016-05-01,2016-05-31,P.FORMAL,descripcion_presupuesto_37,-1142106.0,P011,201605,201605
38,2016-05-01,2016-05-31,P.VIAJE,descripcion_presupuesto_38,-35256.0,P080,201605,201605
39,2016-06-01,2016-06-30,P.VIAJE,descripcion_presupuesto_39,-56406.0,P020,201606,201606
40,2016-06-01,2016-06-30,P.VIAJE,descripcion_presupuesto_40,42294.0,P019,201606,201606
41,2016-06-01,2016-06-30,P.FORMAL,descripcion_presupuesto_41,-172731.0,P015,201606,201606
42,2016-06-01,2016-06-30,P.GUSTOS,descripcion_presupuesto_42,-126906.0,P012,201606,201606
43,2016-07-01,2016-07-31,P.SALUD,descripcion_presupuesto_43,-190356.0,P014,201607,201607
44,2016-08-01,2016-08-31,P.GUSTOS,descripcion_presupuesto_44,-274956.0,P001,201608,201608
45,2016-08-01,2016-08-31,P.GUSTOS,descripcion_presupuesto_45,-63456.0,P005,201608,201608
46,2016-09-01,2016-09-30,P.VIAJE,descripcion_presupuesto_46,-274956.0,P021,201609,201609
47,2016-09-01,2016-09-30,P.VIAJE,descripcion_presupuesto_47,-930606.0,P019,201609,201609
48,2016-09-01,2016-09-30,P.FORMAL,descripcion_presupuesto_48,-493506.0,P011,201609,201609
49,2016-09-01,2016-09-30,P.GUSTOS,descripcion_presupuesto_49,-105756.0,P005,201609,201609
50,2016-10-01,2016-10-31,P.GUSTOS,descripcion_presupuesto_50,-91656.0,P005,201610,201610
51,2016-10-01,2016-10-31,P.GUSTOS,descripcion_presupuesto_51,-423006.0,P012,201610,201610
52,2016-10-01,2016-10-31,P.VIAJE,descripcion_presupuesto_52,-606306.0,P019,201610,201610
53,2016-10-01,2016-10-31,P.VIAJE,descripcion_presupuesto_53,-606306.0,P022,201610,201610
54,2016-12-01,2016-12-31,P.VIAJE,descripcion_presupuesto_54,-63456.0,P023,201612,201612
55,2016-12-01,2016-12-31,P.VIAJE,descripcion_presupuesto_55,-56406.0,P024,201612,201612
56,2016-12-01,2016-12-31,P.VIAJE,descripcion_presupuesto_56,-218556.0,P022,201612,201612
57,2016-12-01,2016-12-31,P.RECREACION,descripcion_presupuesto_57,-148056.0,P013,201612,201612
58,2017-01-01,2017-01-31,P.VIAJE,descripcion_presupuesto_58,-366606.0,P022,201701,201701
59,2017-01-01,2017-01-31,P.VIAJE,descripcion_presupuesto_59,-21156.0,P024,201701,201701
60,2017-01-01,2017-01-31,P.FORMAL,descripcion_presupuesto_60,-84606.0,P011,201701,201701
61,2017-01-01,2017-12-31,DINERO,descripcion_presupuesto_61,-6.0,,201701,201712
62,2017-01-01,2017-12-31,LIBRE,descripcion_presupuesto_62,-35256.0,,201701,201712
63,2017-01-01,2017-12-31,NECESIDAD,descripcion_presupuesto_63,-84606.0,,201701,201712
64,2017-01-01,2017-12-31,RECREACION,descripcion_presupuesto_64,-91656.0,,201701,201712
65,2017-01-01,2017-12-31,SUSCRIPCION,descripcion_presupuesto_65,-28206.0,,201701,201712
66,2017-01-01,2017-12-31,TRABAJO,descripcion_presupuesto_66,-6.0,,201701,201712
67,2017-01-01,2017-12-31,TRANSPORTE,descripcion_presupuesto_67,-98706.0,,201701,201712
68,2017-03-01,2017-03-31,P.VIAJE,descripcion_presupuesto_68,-979956.0,P022,201703,201703
69,2017-03-01,2017-03-31,P.VIAJE,descripcion_presupuesto_69,-331356.0,P025,201703,201703
70,2017-03-01,2017-03-31,P.VIAJE,descripcion_presupuesto_70,-204456.0,P026,201703,201703
71,2017-05-01,2017-05-31,P.VIAJE,descripcion_presupuesto_71,-21156.0,P025,201705,201705
72,2017-05-01,2017-05-31,P.VIAJE,descripcion_presupuesto_72,-324306.0,P026,201705,201705
73,2017-05-01,2017-05-31,P.FORMAL,descripcion_presupuesto_73,-162156.0,P011,201705,201705
74,2017-05-01,2017-05-31,P.GUSTOS,descripcion_presupuesto_74,-705006.0,P001,201705,201705
75,2017-05-01,2017-05-31,P.RECREACION,descripcion_presupuesto_75,-186831.0,P013,201705,201705
76,2017-06-01,2017-06-30,P.FORMAL,descripcion_presupuesto_76,-176256.0,P015,201706,201706
77,2017-06-01,2017-06-30,P.GUSTOS,descripcion_presupuesto_77,-592206.0,P001,201706,201706
78,2017-06-01,2017-06-30,P.GUSTOS,descripcion_presupuesto_78,-30321.0,P008,201706,201706
79,2017-06-01,2017-06-30,P.GUSTOS,descripcion_presupuesto_79,-528756.0,P005,201706,201706
80,2017-06-01,2017-06-30,P.RECREACION,descripcion_presupuesto_80,-52881.0,P027,201706,201706
81,2017-06-01,2017-06-30,P.VIAJE,descripcion_presupuesto_81,-540741.0,P025,201706,201706
82,2017-07-01,2017-07-31,P.GUSTOS,descripcion_presupuesto_82,-42306.0,P001,201707,201707
83,2017-07-01,2017-07-31,P.VIAJE,descripcion_presupuesto_83,-35256.0,P028,201707,201707
84,2017-07-01,2017-07-31,P.VIAJE,descripcion_presupuesto_84,-169206.0,P030,201707,201707
85,2017-07-01,2017-07-31,P.VIAJE,descripcion_presupuesto_85,-345456.0,P029,201707,201707
86,2017-08-01,2017-08-31,P.VIAJE,descripcion_presupuesto_86,-35256.0,P028,201708,201708
87,2017-08-01,2017-08-31,P.VIAJE,descripcion_presupuesto_87,-137481.0,P026,201708,201708
88,2017-09-01,2017-09-30,P.VIAJE,descripcion_presupuesto_88,-91656.0,P029,201709,201709
89,2017-09-01,2017-09-30,P.VIAJE,descripcion_presupuesto_89,-49356.0,P030,201709,201709
90,2017-09-01,2017-09-30,P.VIAJE,descripcion_presupuesto_90,45819.0,P026,201709,201709
91,2017-09-01,2017-09-30,P.FORMAL,descripcion_presupuesto_91,-564006.0,P011,201709,201709
92,2017-09-01,2017-09-30,P.RECREACION,descripcion_presupuesto_92,-423006.0,P013,201709,201709
93,2017-10-01,2017-10-31,P.RECREACION,descripcion_presupuesto_93,-42306.0,P027,201710,201710
94,2017-10-01,2017-10-31,P.RECREACION,descripcion_presupuesto_94,-3531.0,P008,201710,201710
95,2017-10-01,2017-10-31,P.VIAJE,descripcion_presupuesto_95,-21156.0,P026,201710,201710
96,2017-10-01,2017-10-31,P.VIAJE,descripcion_presupuesto_96,-35256.0,P029,201710,201710
97,2017-11-01,2017-11-30,P.VIAJE,descripcion_presupuesto_97,-888306.0,P031,201711,201711
98,2017-11-01,2017-11-30,P.VIAJE,descripcion_presupuesto_98,-112806.0,P032,201711,201711
99,2017-12-01,2017-12-31,P.RECREACION,descripcion_presupuesto_99,-289056.0,P013,201712,201712
100,2017-12-01,2017-12-31,P.VIAJE,descripcion_presupuesto_100,-52881.0,P034,201712,201712
101,2017-12-01,2017-12-31,P.VIAJE,descripcion_presupuesto_101,-133956.0,P033,201712,201712
102,2017-12-01,2017-12-31,P.VIAJE,descripcion_presupuesto_102,-137481.0,P034,201712,201712
103,2017-12-01,2017-12-31,P.VIAJE,descripcion_presupuesto_103,112794.0,P031,201712,201712
104,2018-01-01,2018-01-31,P.VIAJE,descripcion_presupuesto_104,-162156.0,P032,201801,201801
105,2018-01-01,2018-01-31,P.VIAJE,descripcion_presupuesto_105,-197406.0,P035,201801,201801
106,2018-01-01,2018-01-31,P.FORMAL,descripcion_presupuesto_106,-458256.0,P011,201801,201801
107,2018-01-01,2018-01-31,P.FORMAL,descripcion_presupuesto_107,-54079.5,P064,201801,201801
108,2018-01-01,2018-12-31,DINERO,descripcion_presupuesto_108,-6.0,,201801,201812
109,2018-01-01,2018-12-31,LIBRE,descripcion_presupuesto_109,-141006.0,,201801,201812
110,2018-01-01,2018-12-31,NECESIDAD,descripcion_presupuesto_110,-84606.0,,201801,201812
111,2018-01-01,2018-12-31,RECREACION,descripcion_presupuesto_111,-91656.0,,201801,201812
112,2018-01-01,2018-12-31,SUSCRIPCION,descripcion_presupuesto_112,-49285.5,,201801,201812
113,2018-01-01,2018-12-31,TRABAJO,descripcion_presupuesto_113,-6.0,,201801,201812
114,2018-01-01,2018-12-31,TRANSPORTE,descripcion_presupuesto_114,-98706.0,,201801,201812
115,2018-02-01,2018-02-28,P.VIAJE,descripcion_presupuesto_115,-63456.0,P034,201802,201802
116,2018-02-01,2018-02-28,P.FORMAL,descripcion_presupuesto_116,-21508.5,P064,201802,201802
117,2018-03-01,2018-03-31,P.FORMAL,descripcion_presupuesto_117,-49356.0,P015,201803,201803
118,2018-03-01,2018-03-31,P.VIAJE,descripcion_presupuesto_118,-267906.0,P035,201803,201803
119,2018-04-01,2018-04-30,P.FORMAL,descripcion_presupuesto_119,-35256.0,P015,201804,201804
120,2018-04-01,2018-04-30,P.FORMAL,descripcion_presupuesto_120,-211506.0,P011,201804,201804
121,2018-04-01,2018-04-30,P.SALUD,descripcion_presupuesto_121,-105756.0,P014,201804,201804
122,2018-04-01,2018-04-30,P.VIAJE,descripcion_presupuesto_122,-112806.0,P032,201804,201804
123,2018-05-01,2018-05-31,P.GUSTOS,descripcion_presupuesto_123,-1938756.0,P012,201805,201805
124,2018-05-01,2018-05-31,P.GUSTOS,descripcion_presupuesto_124,-544266.0,P001,201805,201805
125,2018-05-01,2018-05-31,P.VIAJE,descripcion_presupuesto_125,-352506.0,P032,201805,201805
126,2018-05-01,2018-05-31,P.VIAJE,descripcion_presupuesto_126,-141006.0,P036,201805,201805
127,2018-05-01,2018-05-31,P.RECREACION,descripcion_presupuesto_127,-70506.0,P013,201805,201805
128,2018-05-01,2018-05-31,P.SALUD,descripcion_presupuesto_128,-282006.0,P014,201805,201805
129,2018-05-01,2018-05-31,P.VIAJE,descripcion_presupuesto_129,-211506.0,P035,201805,201805
130,2018-06-01,2018-06-30,P.GUSTOS,descripcion_presupuesto_130,-282006.0,P012,201806,201806
131,2018-06-01,2018-06-30,P.GUSTOS,descripcion_presupuesto_131,-634506.0,P002,201806,201806
132,2018-06-01,2018-06-30,P.GUSTOS,descripcion_presupuesto_132,-211506.0,P001,201806,201806
133,2018-06-01,2018-06-30,P.VIAJE,descripcion_presupuesto_133,-239706.0,P035,201806,201806
134,2018-06-01,2018-06-30,P.FORMAL,descripcion_presupuesto_134,-141006.0,P015,201806,201806
135,2018-07-01,2018-07-31,P.FORMAL,descripcion_presupuesto_135,-176256.0,P011,201807,201807
136,2018-07-01,2018-07-31,P.FORMAL,descripcion_presupuesto_136,-211506.0,P015,201807,201807
137,2018-07-01,2018-07-31,P.GUSTOS,descripcion_presupuesto_137,-70506.0,P002,201807,201807
138,2018-07-01,2018-07-31,P.VIAJE,descripcion_presupuesto_138,-112806.0,P035,201807,201807
139,2018-08-01,2018-08-31,P.GUSTOS,descripcion_presupuesto_139,-141006.0,P001,201808,201808
140,2018-08-01,2018-08-31,P.GUSTOS,descripcion_presupuesto_140,-282006.0,P002,201808,201808
141,2018-08-01,2018-08-31,P.GUSTOS,descripcion_presupuesto_141,-63456.0,P003,201808,201808
142,2018-08-01,2018-08-31,P.GUSTOS,descripcion_presupuesto_142,-10581.0,P005,201808,201808
143,2018-08-01,2018-08-31,P.GUSTOS,descripcion_presupuesto_143,-63456.0,P008,201808,201808
144,2018-08-01,2018-08-31,P.RECREACION,descripcion_presupuesto_144,-253806.0,P013,201808,201808
145,2018-09-01,2018-09-30,P.GUSTOS,descripcion_presupuesto_145,-105756.0,P012,201809,201809
146,2018-09-01,2018-09-30,P.GUSTOS,descripcion_presupuesto_146,-141006.0,P003,201809,201809
147,2018-09-01,2018-09-30,P.GUSTOS,descripcion_presupuesto_147,-84606.0,P005,201809,201809
148,2018-09-01,2018-09-30,P.RECREACION,descripcion_presupuesto_148,-105756.0,P013,201809,201809
149,2018-09-01,2018-09-30,P.FORMAL,descripcion_presupuesto_149,-352506.0,P011,201809,201809
150,2018-10-01,2018-10-31,P.RECREACION,descripcion_presupuesto_150,-190356.0,P027,201810,201810
151,2018-10-01,2018-10-31,P.RECREACION,descripcion_presupuesto_151,-70365.0,P013,201810,201810
152,2018-10-01,2018-10-31,P.FORMAL,descripcion_presupuesto_152,-239706.0,P011,201810,201810
153,2018-10-01,2018-10-31,P.GUSTOS,descripcion_presupuesto_153,-105756.0,P012,201810,201810
154,2018-11-01,2018-11-30,P.VIAJE,descripcion_presupuesto_154,-204456.0,P037,201811,201811
155,2018-11-01,2018-11-30,P.VIAJE,descripcion_presupuesto_155,-83830.5,P038,201811,201811
156,2018-11-01,2018-11-30,P.GUSTOS,descripcion_presupuesto_156,-70506.0,P012,201811,201811
157,2018-11-01,2018-11-30,P.SALUD,descripcion_presupuesto_157,-40403.909999999996,P014,201811,201811
158,2018-12-01,2018-12-31,P.VIAJE,descripcion_presupuesto_158,-211506.0,P032,201812,201812
159,2018-12-01,2018-12-31,P.GUSTOS,descripcion_presupuesto_159,-141006.0,P001,201812,201812
160,2018-12-01,2018-12-31,P.RECREACION,descripcion_presupuesto_160,-423006.0,P013,201812,201812
161,2019-01-01,2019-01-31,P.FORMAL,descripcion_presupuesto_161,-91656.0,P011,201901,201901
162,2019-01-01,2019-01-31,P.GUSTOS,descripcion_presupuesto_162,-141006.0,P001,201901,201901
163,2019-01-01,2019-01-31,P.SALUD,descripcion_presupuesto_163,-35256.0,P014,201901,201901
164,2019-01-01,2019-01-31,P.VIAJE,descripcion_presupuesto_164,-42306.0,P037,201901,201901
165,2019-01-01,2019-01-31,P.VIAJE,descripcion_presupuesto_165,-70506.0,P038,201901,201901
166,2019-01-01,2019-12-31,DINERO,descripcion_presupuesto_166,-6.0,,201901,201912
167,2019-01-01,2019-12-31,LIBRE,descripcion_presupuesto_167,-176256.0,,201901,201912
168,2019-01-01,2019-12-31,NECESIDAD,descripcion_presupuesto_168,-112806.0,,201901,201912
169,2019-01-01,2019-12-31,RECREACION,descripcion_presupuesto_169,-133956.0,,201901,201912
170,2019-01-01,2019-12-31,SUSCRIPCION,descripcion_presupuesto_170,-52915.545,,201901,201912
171,2019-01-01,2019-12-31,TRABAJO,descripcion_presupuesto_171,-6.0,,201901,201912
172,2019-01-01,2019-12-31,TRANSPORTE,descripcion_presupuesto_172,-98706.0,,201901,201912
173,2019-02-01,2019-02-28,P.VIAJE,descripcion_presupuesto_173,63444.0,P038,201902,201902
174,2019-02-01,2019-02-28,P.VIAJE,descripcion_presupuesto_174,-84606.0,P039,201902,201902
175,2019-02-01,2019-02-28,P.VIAJE,descripcion_presupuesto_175,-42306.0,P037,201902,201902
176,2019-02-01,2019-02-28,P.SALUD,descripcion_presupuesto_176,-127540.5,P014,201902,201902
177,2019-03-01,2019-03-31,P.VIAJE,descripcion_presupuesto_177,-176256.0,P041,201903,201903
178,2019-03-01,2019-03-31,P.VIAJE,descripcion_presupuesto_178,-310206.0,P037,201903,201903
179,2019-03-01,2019-03-31,P.VIAJE,descripcion_presupuesto_179,-141006.0,P040,201903,201903
180,2019-03-01,2019-03-31,P.VIAJE,descripcion_presupuesto_180,-655656.0,P039,201903,201903
181,2019-03-01,2019-03-31,P.FORMAL,descripcion_presupuesto_181,-225606.0,P011,201903,201903
182,2019-03-01,2019-03-31,P.MANUAL,descripcion_presupuesto_182,-28206.0,P009,201903,201903
183,2019-04-01,2019-04-30,P.FORMAL,descripcion_presupuesto_183,-35256.0,P015,201904,201904
184,2019-04-01,2019-04-30,P.FORMAL,descripcion_presupuesto_184,-380706.0,P011,201904,201904
185,2019-04-01,2019-04-30,P.GUSTOS,descripcion_presupuesto_185,-620406.0,P001,201904,201904
186,2019-04-01,2019-04-30,P.GUSTOS,descripcion_presupuesto_186,-70506.0,P003,201904,201904
187,2019-04-01,2019-04-30,P.GUSTOS,descripcion_presupuesto_187,-70506.0,P012,201904,201904
188,2019-04-01,2019-04-30,P.MANUAL,descripcion_presupuesto_188,-21156.0,P009,201904,201904
189,2019-04-01,2019-04-30,P.VIAJE,descripcion_presupuesto_189,-282006.0,P042,201904,201904
190,2019-05-01,2019-05-31,P.VIAJE,descripcion_presupuesto_190,-211506.0,P079,201905,201905
191,2019-05-01,2019-05-31,P.VIAJE,descripcion_presupuesto_191,63796.5,P038,201905,201905
192,2019-05-01,2019-05-31,P.VIAJE,descripcion_presupuesto_192,-27148.5,P041,201905,201905
193,2019-05-01,2019-05-31,P.GUSTOS,descripcion_presupuesto_193,-63456.0,P003,201905,201905
194,2019-05-01,2019-05-31,P.GUSTOS,descripcion_presupuesto_194,-352506.0,P008,201905,201905
195,2019-05-01,2019-05-31,P.GUSTOS,descripcion_presupuesto_195,-271431.0,P012,201905,201905
196,2019-05-01,2019-05-31,P.RECREACION,descripcion_presupuesto_196,-84606.0,P027,201905,201905
197,2019-05-01,2019-05-31,P.MANUAL,descripcion_presupuesto_197,-70506.0,P009,201905,201905
198,2019-05-01,2019-05-31,P.RECREACION,descripcion_presupuesto_198,-944706.0,P013,201905,201905
199,2019-05-01,2019-05-31,P.SALUD,descripcion_presupuesto_199,-443662.5,P014,201905,201905
200,2019-06-01,2019-06-30,P.VIAJE,descripcion_presupuesto_200,-141006.0,P043,201906,201906
201,2019-06-01,2019-06-30,P.VIAJE,descripcion_presupuesto_201,-352506.0,P040,201906,201906
202,2019-06-01,2019-06-30,P.FORMAL,descripcion_presupuesto_202,-85593.0,P015,201906,201906
203,2019-06-01,2019-06-30,P.GUSTOS,descripcion_presupuesto_203,-188241.0,P001,201906,201906
204,2019-06-01,2019-06-30,P.SALUD,descripcion_presupuesto_204,-186126.0,P014,201906,201906
205,2019-07-01,2019-07-31,P.FORMAL,descripcion_presupuesto_205,-222081.0,P015,201907,201907
206,2019-07-01,2019-07-31,P.MANUAL,descripcion_presupuesto_206,-70506.0,P009,201907,201907
207,2019-07-01,2019-07-31,P.RECREACION,descripcion_presupuesto_207,-246756.0,P013,201907,201907
208,2019-07-01,2019-07-31,P.SALUD,descripcion_presupuesto_208,-29682.975,P014,201907,201907
209,2019-07-01,2019-07-31,P.VIAJE,descripcion_presupuesto_209,-105756.0,P078,201907,201907
210,2019-08-01,2019-08-31,P.VIAJE,descripcion_presupuesto_210,-105756.0,P044,201908,201908
211,2019-08-01,2019-08-31,P.VIAJE,descripcion_presupuesto_211,-176256.0,P045,201908,201908
212,2019-08-01,2019-08-31,P.VIAJE,descripcion_presupuesto_212,-222433.5,P041,201908,201908
213,2019-08-01,2019-08-31,P.GUSTOS,descripcion_presupuesto_213,-105756.0,P005,201908,201908
214,2019-08-01,2019-08-31,P.MANUAL,descripcion_presupuesto_214,-70506.0,P009,201908,201908
215,2019-08-01,2019-08-31,P.RECREACION,descripcion_presupuesto_215,-105756.0,P013,201908,201908
216,2019-08-01,2019-08-31,P.SALUD,descripcion_presupuesto_216,-282006.0,P014,201908,201908
217,2019-09-01,2019-09-30,P.VIAJE,descripcion_presupuesto_217,-246756.0,P041,201909,201909
218,2019-09-01,2019-09-30,P.VIAJE,descripcion_presupuesto_218,-155106.0,P045,201909,201909
219,2019-09-01,2019-09-30,P.VIAJE,descripcion_presupuesto_219,-211506.0,P046,201909,201909
220,2019-09-01,2019-09-30,P.MANUAL,descripcion_presupuesto_220,-70506.0,P013,201909,201909
221,2019-09-01,2019-09-30,P.MANUAL,descripcion_presupuesto_221,-105756.0,P009,201909,201909
222,2019-10-01,2019-10-31,P.FORMAL,descripcion_presupuesto_222,-176256.0,P011,201910,201910
223,2019-10-01,2019-10-31,P.GUSTOS,descripcion_presupuesto_223,-1240806.0,P002,201910,201910
224,2019-10-01,2019-10-31,P.GUSTOS,descripcion_presupuesto_224,-70506.0,P001,201910,201910
225,2019-10-01,2019-10-31,P.MANUAL,descripcion_presupuesto_225,-70506.0,P009,201910,201910
226,2019-10-01,2019-10-31,P.RECREACION,descripcion_presupuesto_226,-91656.0,P027,201910,201910
227,2019-10-01,2019-10-31,P.VIAJE,descripcion_presupuesto_227,-35256.0,P003,201910,201910
228,2019-10-01,2019-10-31,P.VIAJE,descripcion_presupuesto_228,-500556.0,P001,201910,201910
229,2019-10-01,2019-10-31,P.VIAJE,descripcion_presupuesto_229,-246756.0,P041,201910,201910
230,2019-11-01,2019-11-30,P.GUSTOS,descripcion_presupuesto_230,-444156.0,P012,201911,201911
231,2019-11-01,2019-11-30,P.GUSTOS,descripcion_presupuesto_231,-625529.235,P001,201911,201911
232,2019-11-01,2019-11-30,P.RECREACION,descripcion_presupuesto_232,-70506.0,P013,201911,201911
233,2019-11-01,2019-11-30,P.FORMAL,descripcion_presupuesto_233,-352506.0,P011,201911,201911
234,2019-11-01,2019-11-30,P.MANUAL,descripcion_presupuesto_234,-105756.0,P009,201911,201911
235,2019-11-01,2019-11-30,P.VIAJE,descripcion_presupuesto_235,-846006.0,P047,201911,201911
236,2019-11-01,2019-11-30,P.VIAJE,descripcion_presupuesto_236,-528756.0,P046,201911,201911
237,2019-12-01,2019-12-31,P.VIAJE,descripcion_presupuesto_237,-775506.0,P046,201912,201912
238,2019-12-01,2019-12-31,P.VIAJE,descripcion_presupuesto_238,331344.0,P047,201912,201912
239,2019-12-01,2019-12-31,P.GUSTOS,descripcion_presupuesto_239,-225606.0,P001,201912,201912
240,2019-12-01,2019-12-31,P.MANUAL,descripcion_presupuesto_240,-105756.0,P009,201912,201912
241,2019-12-01,2019-12-31,P.RECREACION,descripcion_presupuesto_241,-352506.0,P013,201912,201912
242,2020-01-01,2020-01-31,P.VIAJE,descripcion_presupuesto_242,-141006.0,P048,202001,202001
243,2020-01-01,2020-01-31,P.VIAJE,descripcion_presupuesto_243,10569.0,P047,202001,202001
244,2020-01-01,2020-01-31,P.VIAJE,descripcion_presupuesto_244,-141006.0,P049,202001,202001
245,2020-01-01,2020-01-31,P.FORMAL,descripcion_presupuesto_245,-148910.46,P064,202001,202001
246,2020-01-01,2020-01-31,P.MANUAL,descripcion_presupuesto_246,-105756.0,P009,202001,202001
247,2020-01-01,2020-12-31,DINERO,descripcion_presupuesto_247,-6.0,,202001,202012
248,2020-01-01,2020-12-31,HOGAR,descripcion_presupuesto_248,-42306.0,,202001,202012
249,2020-01-01,2020-12-31,LIBRE,descripcion_presupuesto_249,-176256.0,,202001,202012
250,2020-01-01,2020-12-31,NECESIDAD,descripcion_presupuesto_250,-91656.0,,202001,202012
251,2020-01-01,2020-12-31,RECREACION,descripcion_presupuesto_251,-133956.0,,202001,202012
252,2020-01-01,2020-12-31,SUSCRIPCION,descripcion_presupuesto_252,-59790.0,,202001,202012
253,2020-01-01,2020-12-31,TRABAJO,descripcion_presupuesto_253,-6.0,,202001,202012
254,2020-01-01,2020-12-31,TRANSPORTE,descripcion_presupuesto_254,-98706.0,,202001,202012
255,2020-02-01,2020-02-29,P.VIAJE,descripcion_presupuesto_255,84594.0,P047,202002,202002
256,2020-02-01,2020-02-29,P.GUSTOS,descripcion_presupuesto_256,-176256.0,P001,202002,202002
257,2020-02-01,2020-02-29,P.MANUAL,descripcion_presupuesto_257,-98706.0,P009,202002,202002
258,2020-03-01,2020-03-31,P.MANUAL,descripcion_presupuesto_258,-98706.0,P009,202003,202003
259,2020-03-01,2020-03-31,P.VIAJE,descripcion_presupuesto_259,-535806.0,P047,202003,202003
260,2020-03-01,2020-03-31,P.VIAJE,descripcion_presupuesto_260,-28206.0,P003,202003,202003
261,2020-04-01,2020-04-30,P.FORMAL,descripcion_presupuesto_261,-239706.0,P011,202004,202004
262,2020-04-01,2020-04-30,P.GUSTOS,descripcion_presupuesto_262,-352506.0,P001,202004,202004
263,2020-04-01,2020-04-30,P.GUSTOS,descripcion_presupuesto_263,-352506.0,P002,202004,202004
264,2020-04-01,2020-04-30,P.GUSTOS,descripcion_presupuesto_264,-141006.0,P006,202004,202004
265,2020-04-01,2020-04-30,P.GUSTOS,descripcion_presupuesto_265,-56406.0,P003,202004,202004
266,2020-05-01,2020-05-31,P.GUSTOS,descripcion_presupuesto_266,-70506.0,P008,202005,202005
267,2020-05-01,2020-05-31,P.GUSTOS,descripcion_presupuesto_267,-282006.0,P003,202005,202005
268,2020-05-01,2020-05-31,P.GUSTOS,descripcion_presupuesto_268,-282006.0,P005,202005,202005
269,2020-05-01,2020-05-31,P.GUSTOS,descripcion_presupuesto_269,-564006.0,P001,202005,202005
270,2020-05-01,2020-05-31,P.GUSTOS,descripcion_presupuesto_270,-564006.0,P002,202005,202005
271,2020-05-01,2020-05-31,P.GUSTOS,descripcion_presupuesto_271,-112806.0,P012,202005,202005
272,2020-05-01,2020-05-31,P.MANUAL,descripcion_presupuesto_272,-70506.0,P009,202005,202005
273,2020-05-01,2020-05-31,P.RECREACION,descripcion_presupuesto_273,-1057506.0,P013,202005,202005
274,2020-06-01,2020-06-30,P.RECREACION,descripcion_presupuesto_274,-105756.0,P013,202006,202006
275,2020-06-01,2020-06-30,P.FORMAL,descripcion_presupuesto_275,-88131.0,P015,202006,202006
276,2020-06-01,2020-06-30,P.GUSTOS,descripcion_presupuesto_276,-1762506.0,P001,202006,202006
277,2020-07-01,2020-07-31,P.GUSTOS,descripcion_presupuesto_277,-3384006.0,P001,202007,202007
278,2020-07-01,2020-07-31,P.GUSTOS,descripcion_presupuesto_278,-141006.0,P003,202007,202007
279,2020-07-01,2020-07-31,P.MANUAL,descripcion_presupuesto_279,-352506.0,P009,202007,202007
280,2020-08-01,2020-08-31,P.GUSTOS,descripcion_presupuesto_280,-564006.0,P001,202008,202008
281,2020-08-01,2020-08-31,P.GUSTOS,descripcion_presupuesto_281,-35256.0,P003,202008,202008
282,2020-08-01,2020-08-31,P.GUSTOS,descripcion_presupuesto_282,-35256.0,P005,202008,202008
283,2020-08-01,2020-08-31,P.GUSTOS,descripcion_presupuesto_283,-70506.0,P002,202008,202008
284,2020-08-01,2020-08-31,P.MANUAL,descripcion_presupuesto_284,-352506.0,P009,202008,202008
285,2020-08-01,2020-08-31,P.RECREACION,descripcion_presupuesto_285,-1410006.0,P013,202008,202008
286,2020-09-01,2020-09-30,P.GUSTOS,descripcion_presupuesto_286,-3877506.0,P001,202009,202009
287,2020-09-01,2020-09-30,P.GUSTOS,descripcion_presupuesto_287,-70506.0,P008,202009,202009
288,2020-09-01,2020-09-30,P.GUSTOS,descripcion_presupuesto_288,-282006.0,P003,202009,202009
289,2020-09-01,2020-09-30,P.RECREACION,descripcion_presupuesto_289,-2538006.0,P013,202009,202009
290,2020-09-01,2020-09-30,P.FORMAL,descripcion_presupuesto_290,-176256.0,P011,202009,202009
291,2020-09-01,2020-09-30,P.MANUAL,descripcion_presupuesto_291,-70506.0,P009,202009,202009
292,2020-09-01,2020-09-30,P.VIAJE,descripcion_presupuesto_292,-493506.0,P050,202009,202009
293,2020-10-01,2020-10-31,P.GUSTOS,descripcion_presupuesto_293,-1410006.0,P001,202010,202010
294,2020-10-01,2020-10-31,P.MANUAL,descripcion_presupuesto_294,-70506.0,P009,202010,202010
295,2020-11-01,2020-11-30,P.GUSTOS,descripcion_presupuesto_295,-493506.0,P001,202011,202011
296,2020-11-01,2020-11-30,P.GUSTOS,descripcion_presupuesto_296,-157221.0,P005,202011,202011
297,2020-11-01,2020-11-30,P.GUSTOS,descripcion_presupuesto_297,-4230006.0,P002,202011,202011
298,2020-11-01,2020-11-30,P.GUSTOS,descripcion_presupuesto_298,-70506.0,P006,202011,202011
299,2020-11-01,2020-11-30,P.GUSTOS,descripcion_presupuesto_299,-70506.0,P008,202011,202011
300,2020-11-01,2020-11-30,P.MANUAL,descripcion_presupuesto_300,-70506.0,P009,202011,202011
301,2020-11-01,2020-11-30,P.RECREACION,descripcion_presupuesto_301,-56406.0,P027,202011,202011
302,2020-12-01,2020-12-31,P.GUSTOS,descripcion_presupuesto_302,-282006.0,P005,202012,202012
303,2020-12-01,2020-12-31,P.GUSTOS,descripcion_presupuesto_303,-1410006.0,P012,202012,202012
304,2020-12-01,2020-12-31,P.SALUD,descripcion_presupuesto_304,-352506.0,P014,202012,202012
305,2020-12-01,2020-12-31,P.MANUAL,descripcion_presupuesto_305,-70506.0,P009,202012,202012
306,2020-12-01,2020-12-31,P.RECREACION,descripcion_presupuesto_306,-176256.0,P013,202012,202012
307,2021-01-01,2021-01-31,P.FORMAL,descripcion_presupuesto_307,-485610.0,P015,202101,202101
308,2021-01-01,2021-12-31,DINERO,descripcion_presupuesto_308,-6.0,,202101,202112
309,2021-01-01,2021-12-31,HOGAR,descripcion_presupuesto_309,-105756.0,,202101,202112
310,2021-01-01,2021-12-31,LIBRE,descripcion_presupuesto_310,-317256.0,,202101,202112
311,2021-01-01,2021-12-31,NECESIDAD,descripcion_presupuesto_311,-105756.0,,202101,202112
312,2021-01-01,2021-12-31,RECREACION,descripcion_presupuesto_312,-105756.0,,202101,202112
313,2021-01-01,2021-12-31,SUSCRIPCION,descripcion_presupuesto_313,-49285.5,,202101,202112
314,2021-01-01,2021-12-31,SUSCRIPCION,descripcion_presupuesto_314,-24681.0,,202101,202112
315,2021-01-01,2021-12-31,TRABAJO,descripcion_presupuesto_315,-6.0,,202101,202112
316,2021-01-01,2021-12-31,TRANSPORTE,descripcion_presupuesto_316,-98706.0,,202101,202112
317,2021-02-01,2021-02-28,P.GUSTOS,descripcion_presupuesto_317,-141006.0,P002,202102,202102
318,2021-03-01,2021-03-31,P.SALUD,descripcion_presupuesto_318,-5358006.0,P014,202103,202103
319,2021-03-01,2021-03-31,P.FORMAL,descripcion_presupuesto_319,-595731.0,P011,202103,202103
320,2021-03-01,2021-03-31,P.GUSTOS,descripcion_presupuesto_320,-70506.0,P012,202103,202103
321,2021-03-01,2021-03-31,P.GUSTOS,descripcion_presupuesto_321,-1128006.0,P002,202103,202103
322,2021-03-01,2021-03-31,P.RECREACION,descripcion_presupuesto_322,-84606.0,P013,202103,202103
323,2021-04-01,2021-04-30,P.GUSTOS,descripcion_presupuesto_323,-1551006.0,P002,202104,202104
324,2021-04-01,2021-04-30,P.GUSTOS,descripcion_presupuesto_324,-70506.0,P003,202104,202104
325,2021-04-01,2021-04-30,P.GUSTOS,descripcion_presupuesto_325,-246756.0,P001,202104,202104
326,2021-04-01,2021-04-30,P.VIAJE,descripcion_presupuesto_326,-317256.0,P051,202104,202104
327,2021-05-01,2021-05-31,P.FORMAL,descripcion_presupuesto_327,-558366.0,P064,202105,202105
328,2021-05-01,2021-05-31,P.GUSTOS,descripcion_presupuesto_328,-35256.0,P008,202105,202105
329,2021-05-01,2021-05-31,P.GUSTOS,descripcion_presupuesto_329,-105756.0,P004,202105,202105
330,2021-05-01,2021-05-31,P.GUSTOS,descripcion_presupuesto_330,-1269006.0,P002,202105,202105
331,2021-05-01,2021-05-31,P.FORMAL,descripcion_presupuesto_331,-1057506.0,P011,202105,202105
332,2021-06-01,2021-06-30,P.FORMAL,descripcion_presupuesto_332,184633.5,P011,202106,202106
333,2021-06-01,2021-06-30,P.GUSTOS,descripcion_presupuesto_333,-126906.0,P004,202106,202106
334,2021-06-01,2021-06-30,P.GUSTOS,descripcion_presupuesto_334,-14106.0,P008,202106,202106
335,2021-06-01,2021-06-30,P.FORMAL,descripcion_presupuesto_335,-88131.0,P015,202106,202106
336,2021-07-01,2021-07-31,P.GUSTOS,descripcion_presupuesto_336,-141006.0,P002,202107,202107
337,2021-07-01,2021-07-31,P.GUSTOS,descripcion_presupuesto_337,-35256.0,P004,202107,202107
338,2021-08-01,2021-08-31,P.GUSTOS,descripcion_presupuesto_338,-35256.0,P004,202108,202108
339,2021-08-01,2021-08-31,P.GUSTOS,descripcion_presupuesto_339,-141006.0,P008,202108,202108
340,2021-08-01,2021-08-31,P.FORMAL,descripcion_presupuesto_340,-415956.0,P011,202108,202108
341,2021-09-01,2021-09-30,P.MANUAL,descripcion_presupuesto_341,-42306.0,P009,202109,202109
342,2021-09-01,2021-09-30,P.VIAJE,descripcion_presupuesto_342,-705006.0,P052,202109,202109
343,2021-09-01,2021-09-30,P.RECREACION,descripcion_presupuesto_343,-141006.0,P013,202109,202109
344,2021-10-01,2021-10-31,P.VIAJE,descripcion_presupuesto_344,-334881.0,P052,202110,202110
345,2021-10-01,2021-10-31,P.VIAJE,descripcion_presupuesto_345,-17631.0,P008,202110,202110
346,2021-10-01,2021-10-31,P.VIAJE,descripcion_presupuesto_346,-17631.0,P048,202110,202110
347,2021-10-01,2021-10-31,P.VIAJE,descripcion_presupuesto_347,-70506.0,P053,202110,202110
348,2021-10-01,2021-10-31,P.FORMAL,descripcion_presupuesto_348,-352506.0,P011,202110,202110
349,2021-10-01,2021-10-31,P.MANUAL,descripcion_presupuesto_349,-70506.0,P009,202110,202110
350,2021-11-01,2021-11-30,P.SALUD,descripcion_presupuesto_350,5357994.0,P014,202111,202111
351,2021-11-01,2021-11-30,P.RECREACION,descripcion_presupuesto_351,-49356.0,P013,202111,202111
352,2021-11-01,2021-11-30,P.GUSTOS,descripcion_presupuesto_352,-1057506.0,P008,202111,202111
353,2021-11-01,2021-11-30,P.GUSTOS,descripcion_presupuesto_353,-105756.0,P012,202111,202111
354,2021-11-01,2021-11-30,P.MANUAL,descripcion_presupuesto_354,-49356.0,P009,202111,202111
355,2021-12-01,2021-12-31,P.MANUAL,descripcion_presupuesto_355,-282006.0,P009,202112,202112
356,2021-12-01,2021-12-31,P.RECREACION,descripcion_presupuesto_356,-91656.0,P013,202112,202112
357,2021-12-01,2021-12-31,P.GUSTOS,descripcion_presupuesto_357,-648606.0,P001,202112,202112
358,2021-12-01,2021-12-31,P.GUSTOS,descripcion_presupuesto_358,-331356.0,P003,202112,202112
359,2021-12-01,2021-12-31,P.GUSTOS,descripcion_presupuesto_359,-246756.0,P004,202112,202112
360,2021-12-01,2021-12-31,P.GUSTOS,descripcion_presupuesto_360,-70506.0,P008,202112,202112
361,2021-12-01,2021-12-31,P.RECREACION,descripcion_presupuesto_361,-105756.0,P027,202112,202112
362,2021-12-01,2021-12-31,P.VIAJE,descripcion_presupuesto_362,-141006.0,P054,202112,202112
363,2022-01-01,2022-01-31,P.FORMAL,descripcion_presupuesto_363,-102231.0,P011,202201,202201
364,2022-01-01,2022-01-31,P.SALUD,descripcion_presupuesto_364,-18336.0,P014,202201,202201
365,2022-01-01,2022-07-31,DINERO,descripcion_presupuesto_365,-6.0,,202201,202207
366,2022-01-01,2022-06-30,LIBRE,descripcion_presupuesto_366,-246756.0,,202201,202206
367,2022-01-01,2022-06-30,NECESIDAD,descripcion_presupuesto_367,-176256.0,,202201,202206
368,2022-01-01,2022-06-30,RECREACION,descripcion_presupuesto_368,-141006.0,,202201,202206
369,2022-01-01,2022-06-30,SUSCRIPCION,descripcion_presupuesto_369,-77485.5,,202201,202206
370,2022-01-01,2022-07-31,TRABAJO,descripcion_presupuesto_370,-6.0,,202201,202207
371,2022-01-01,2022-07-31,TRANSPORTE,descripcion_presupuesto_371,-98706.0,,202201,202207
372,2022-02-01,2022-02-28,P.FORMAL,descripcion_presupuesto_372,-239706.0,P011,202202,202202
373,2022-02-01,2022-02-28,P.GUSTOS,descripcion_presupuesto_373,-105756.0,P001,202202,202202
374,2022-02-01,2022-02-28,P.GUSTOS,descripcion_presupuesto_374,-740256.0,P002,202202,202202
375,2022-03-01,2022-03-31,P.SALUD,descripcion_presupuesto_375,-225606.0,P014,202203,202203
376,2022-04-01,2022-04-30,P.SALUD,descripcion_presupuesto_376,-190356.0,P014,202204,202204
377,2022-04-01,2022-04-30,P.VIAJE,descripcion_presupuesto_377,-211506.0,P007,202204,202204
378,2022-04-01,2022-04-30,P.VIAJE,descripcion_presupuesto_378,-105756.0,P055,202204,202204
379,2022-05-01,2022-05-31,P.SALUD,descripcion_presupuesto_379,-14106.0,P014,202205,202205
380,2022-05-01,2022-05-31,P.FORMAL,descripcion_presupuesto_380,-88131.0,P015,202205,202205
381,2022-05-01,2022-05-31,P.FORMAL,descripcion_presupuesto_381,-49356.0,P011,202205,202205
382,2022-05-01,2022-05-31,P.VIAJE,descripcion_presupuesto_382,-705006.0,P056,202205,202205
383,2022-06-01,2022-06-30,P.FORMAL,descripcion_presupuesto_383,-444156.0,P011,202206,202206
384,2022-06-01,2022-06-30,P.VIAJE,descripcion_presupuesto_384,-211506.0,P057,202206,202206
385,2022-07-01,2022-07-31,P.FORMAL,descripcion_presupuesto_385,-67827.0,P015,202207,202207
386,2022-07-01,2022-07-31,P.GUSTOS,descripcion_presupuesto_386,-70506.0,P012,202207,202207
387,2022-07-01,2022-07-31,P.RECREACION,descripcion_presupuesto_387,-70506.0,P013,202207,202207
388,2022-07-01,2022-07-31,P.VIAJE,descripcion_presupuesto_388,-423006.0,P048,202207,202207
389,2022-07-01,2022-12-31,HOGAR,descripcion_presupuesto_389,-56406.0,,202207,202212
390,2022-07-01,2022-12-31,LIBRE,descripcion_presupuesto_390,-105756.0,,202207,202212
391,2022-07-01,2022-12-31,NECESIDAD,descripcion_presupuesto_391,-406720.5,,202207,202212
392,2022-07-01,2022-12-31,RECREACION,descripcion_presupuesto_392,-176256.0,,202207,202212
393,2022-07-01,2022-12-31,SUSCRIPCION,descripcion_presupuesto_393,-535735.5,,202207,202212
394,2022-08-01,2022-08-31,P.GUSTOS,descripcion_presupuesto_394,-1198506.0,P002,202208,202208
395,2022-08-01,2022-08-31,P.GUSTOS,descripcion_presupuesto_395,-846006.0,P004,202208,202208
396,2022-08-01,2022-08-31,P.GUSTOS,descripcion_presupuesto_396,-99904.5,P012,202208,202208
397,2022-08-01,2022-08-31,P.VIAJE,descripcion_presupuesto_397,-282006.0,P058,202208,202208
398,2022-08-01,2022-08-31,P.RECREACION,descripcion_presupuesto_398,-282006.0,P027,202208,202208
399,2022-08-01,2022-08-31,P.VIAJE,descripcion_presupuesto_399,-167461.125,P055,202208,202208
400,2022-08-01,2022-12-31,DINERO,descripcion_presupuesto_400,-6.0,,202208,202212
401,2022-08-01,2022-12-31,TRABAJO,descripcion_presupuesto_401,-6.0,,202208,202212
402,2022-08-01,2022-12-31,TRANSPORTE,descripcion_presupuesto_402,-56406.0,,202208,202212
403,2022-09-01,2022-09-30,P.VIAJE,descripcion_presupuesto_403,-149800.875,P055,202209,202209
404,2022-09-01,2022-09-30,P.VIAJE,descripcion_presupuesto_404,-141006.0,P007,202209,202209
405,2022-09-01,2022-09-30,P.VIAJE,descripcion_presupuesto_405,-296106.0,P051,202209,202209
406,2022-09-01,2022-09-30,P.VIAJE,descripcion_presupuesto_406,-225606.0,P059,202209,202209
407,2022-09-01,2022-09-30,P.GUSTOS,descripcion_presupuesto_407,-176256.0,P012,202209,202209
408,2022-10-01,2022-10-31,P.FORMAL,descripcion_presupuesto_408,-70435.5,P064,202210,202210
409,2022-10-01,2022-10-31,P.RECREACION,descripcion_presupuesto_409,-345456.0,P027,202210,202210
410,2022-10-01,2022-10-31,P.GUSTOS,descripcion_presupuesto_410,-84606.0,P004,202210,202210
411,2022-10-01,2022-10-31,P.VIAJE,descripcion_presupuesto_411,-282006.0,P049,202210,202210
412,2022-11-01,2022-11-30,P.GUSTOS,descripcion_presupuesto_412,-352506.0,P001,202211,202211
413,2022-11-01,2022-11-30,P.GUSTOS,descripcion_presupuesto_413,-352506.0,P012,202211,202211
414,2022-11-01,2022-11-30,P.VIAJE,descripcion_presupuesto_414,-176256.0,P059,202211,202211
415,2022-11-01,2022-11-30,P.VIAJE,descripcion_presupuesto_415,-176256.0,P060,202211,202211
416,2022-11-01,2022-11-30,P.RECREACION,descripcion_presupuesto_416,-70506.0,P027,202211,202211
417,2022-12-01,2022-12-31,P.RECREACION,descripcion_presupuesto_417,-141006.0,P027,202212,202212
418,2022-12-01,2022-12-31,P.VIAJE,descripcion_presupuesto_418,-493506.0,P060,202212,202212
419,2023-01-01,2023-01-31,P.FORMAL,descripcion_presupuesto_419,-528756.0,P015,202301,202301
420,2023-01-01,2023-01-31,P.GUSTOS,descripcion_presupuesto_420,-423006.0,P001,202301,202301
421,2023-01-01,2023-01-31,P.GUSTOS,descripcion_presupuesto_421,-105756.0,P008,202301,202301
422,2023-01-01,2023-01-31,P.RECREACION,descripcion_presupuesto_422,-105756.0,P027,202301,202301
423,2023-01-01,2023-01-31,P.VIAJE,descripcion_presupuesto_423,-282006.0,P060,202301,202301
424,2023-01-01,2023-12-31,DINERO,descripcion_presupuesto_424,-6.0,,202301,202312
425,2023-01-01,2023-12-31,HOGAR,descripcion_presupuesto_425,-56406.0,,202301,202312
426,2023-01-01,2023-12-31,LIBRE,descripcion_presupuesto_426,-218556.0,,202301,202312
427,2023-01-01,2023-12-31,NECESIDAD,descripcion_presupuesto_427,-406720.5,,202301,202312
428,2023-01-01,2023-12-31,RECREACION,descripcion_presupuesto_428,-141006.0,,202301,202312
429,2023-01-01,2023-12-31,SUSCRIPCION,descripcion_presupuesto_429,-535806.0,,202301,202312
430,2023-01-01,2023-12-31,TRABAJO,descripcion_presupuesto_430,-6.0,,202301,202312
431,2023-01-01,2023-12-31,TRANSPORTE,descripcion_presupuesto_431,-14106.0,,202301,202312
432,2023-02-01,2023-02-28,P.GUSTOS,descripcion_presupuesto_432,-141006.0,P008,202302,202302
433,2023-02-01,2023-02-28,P.FORMAL,descripcion_presupuesto_433,-24681.0,P064,202302,202302
434,2023-03-01,2023-03-31,P.GUSTOS,descripcion_presupuesto_434,-771981.0,P002,202303,202303
435,2023-03-01,2023-03-31,P.VIAJE,descripcion_presupuesto_435,-373656.0,P007,202303,202303
436,2023-04-01,2023-04-30,P.GUSTOS,descripcion_presupuesto_436,-35256.0,P012,202304,202304
437,2023-04-01,2023-04-30,P.VIAJE,descripcion_presupuesto_437,-229695.0,P061,202304,202304
438,2023-05-01,2023-05-31,P.VIAJE,descripcion_presupuesto_438,-4236.0,P007,202305,202305
439,2023-05-01,2023-05-31,P.VIAJE,descripcion_presupuesto_439,-169206.0,P001,202305,202305
440,2023-05-01,2023-05-31,P.VIAJE,descripcion_presupuesto_440,-951756.0,P061,202305,202305
441,2023-05-01,2023-05-31,P.FORMAL,descripcion_presupuesto_441,-91656.0,P015,202305,202305
442,2023-05-01,2023-05-31,P.FORMAL,descripcion_presupuesto_442,-21156.0,P064,202305,202305
443,2023-06-01,2023-06-30,P.MANUAL,descripcion_presupuesto_443,-88483.5,P009,202306,202306
444,2023-06-01,2023-06-30,P.GUSTOS,descripcion_presupuesto_444,-916506.0,P004,202306,202306
445,2023-06-01,2023-06-30,P.GUSTOS,descripcion_presupuesto_445,-141006.0,P005,202306,202306
446,2023-06-01,2023-06-30,P.GUSTOS,descripcion_presupuesto_446,-45831.0,P012,202306,202306
447,2023-06-01,2023-06-30,P.VIAJE,descripcion_presupuesto_447,-137481.0,P062,202306,202306
448,2023-06-01,2023-06-30,P.VIAJE,descripcion_presupuesto_448,-59155.5,P008,202306,202306
449,2023-06-01,2023-06-30,P.VIAJE,descripcion_presupuesto_449,-13330.5,P006,202306,202306
450,2023-06-01,2023-06-30,P.VIAJE,descripcion_presupuesto_450,-211506.0,P061,202306,202306
451,2023-07-01,2023-07-31,P.FORMAL,descripcion_presupuesto_451,-27078.0,P064,202307,202307
452,2023-07-01,2023-07-31,P.GUSTOS,descripcion_presupuesto_452,-387756.0,P012,202307,202307
453,2023-07-01,2023-07-31,P.RECREACION,descripcion_presupuesto_453,-352506.0,P027,202307,202307
454,2023-07-01,2023-07-31,P.SALUD,descripcion_presupuesto_454,-352506.0,P014,202307,202307
455,2023-07-01,2023-07-31,P.VIAJE,descripcion_presupuesto_455,-141006.0,P063,202307,202307
456,2023-08-01,2023-08-31,P.FORMAL,descripcion_presupuesto_456,-110667.03,P064,202308,202308
457,2023-08-01,2023-08-31,P.VIAJE,descripcion_presupuesto_457,-493506.0,P063,202308,202308
458,2023-08-01,2023-08-31,P.VIAJE,descripcion_presupuesto_458,-314806.83,P065,202308,202308
459,2023-08-01,2023-08-31,P.GUSTOS,descripcion_presupuesto_459,-2418156.0,P004,202308,202308
460,2023-08-01,2023-08-31,P.GUSTOS,descripcion_presupuesto_460,-49356.0,P012,202308,202308
461,2023-08-01,2023-08-31,P.VIAJE,descripcion_presupuesto_461,-1198506.0,P069,202308,202308
462,2023-09-01,2023-09-30,P.FORMAL,descripcion_presupuesto_462,-11828.849999999999,P064,202309,202309
463,2023-09-01,2023-09-30,P.GUSTOS,descripcion_presupuesto_463,-282006.0,P004,202309,202309
464,2023-09-01,2023-09-30,P.GUSTOS,descripcion_presupuesto_464,-239706.0,P005,202309,202309
465,2023-09-01,2023-09-30,P.GUSTOS,descripcion_presupuesto_465,-77556.0,P006,202309,202309
466,2023-09-01,2023-09-30,P.VIAJE,descripcion_presupuesto_466,-105756.0,P066,202309,202309
467,2023-09-01,2023-09-30,P.VIAJE,descripcion_presupuesto_467,-158631.0,P065,202309,202309
468,2023-09-01,2023-09-30,P.VIAJE,descripcion_presupuesto_468,-10581.0,P008,202309,202309
469,2023-09-01,2023-09-30,P.VIAJE,descripcion_presupuesto_469,-246756.0,P007,202309,202309
470,2023-09-01,2023-09-30,P.VIAJE,descripcion_presupuesto_470,-11991.0,P006,202309,202309
471,2023-10-01,2023-10-31,P.FORMAL,descripcion_presupuesto_471,-112806.0,P064,202310,202310
472,2023-10-01,2023-10-31,P.VIAJE,descripcion_presupuesto_472,-246262.5,P067,202310,202310
473,2023-10-01,2023-10-31,P.GUSTOS,descripcion_presupuesto_473,-5076006.0,P004,202310,202310
474,2023-10-01,2023-10-31,P.MANUAL,descripcion_presupuesto_474,-19746.0,P009,202310,202310
475,2023-11-01,2023-11-30,P.FORMAL,descripcion_presupuesto_475,-164616.45,P064,202311,202311
476,2023-11-01,2023-11-30,P.VIAJE,descripcion_presupuesto_476,-2397288.0,P068,202311,202311
477,2023-11-01,2023-11-30,P.GUSTOS,descripcion_presupuesto_477,-282006.0,P004,202311,202311
478,2023-12-01,2023-12-31,P.VIAJE,descripcion_presupuesto_478,-1311306.0,P068,202312,202312
479,2023-12-01,2023-12-31,P.VIAJE,descripcion_presupuesto_479,-388249.5,P067,202312,202312
480,2023-12-01,2023-12-31,P.GUSTOS,descripcion_presupuesto_480,-352506.0,P001,202312,202312
481,2024-01-01,2024-01-31,P.VIAJE,descripcion_presupuesto_481,-176256.0,P067,202401,202401
482,2024-01-01,2024-01-31,P.VIAJE,descripcion_presupuesto_482,-116965.5,P069,202401,202401
483,2024-01-01,2024-01-31,P.VIAJE,descripcion_presupuesto_483,2509512.0,P068,202401,202401
484,2024-01-01,2024-01-31,P.GUSTOS,descripcion_presupuesto_484,-246756.0,P012,202401,202401
485,2024-01-01,2024-12-31,HOGAR,descripcion_presupuesto_485,-56406.0,,202401,202412
486,2024-01-01,2024-12-31,LIBRE,descripcion_presupuesto_486,-211506.0,,202401,202412
487,2024-01-01,2024-12-31,NECESIDAD,descripcion_presupuesto_487,-500556.0,,202401,202412
488,2024-01-01,2024-12-31,RECREACION,descripcion_presupuesto_488,-141006.0,,202401,202412
489,2024-01-01,2024-12-31,SUSCRIPCION,descripcion_presupuesto_489,-564006.0,,202401,202412
490,2024-01-01,2024-12-31,TRANSPORTE,descripcion_presupuesto_490,-14106.0,,202401,202412
491,2024-02-01,2024-02-29,P.VIAJE,descripcion_presupuesto_491,1214286.0,P068,202402,202402
492,2024-03-01,2024-03-31,P.FORMAL,descripcion_presupuesto_492,-282006.0,P015,202403,202403
493,2024-03-01,2024-03-31,P.VIAJE,descripcion_presupuesto_493,-1767617.25,P068,202403,202403
494,2024-03-01,2024-03-31,P.VIAJE,descripcion_presupuesto_494,-517546.5,P069,202403,202403
495,2024-04-01,2024-04-30,P.VIAJE,descripcion_presupuesto_495,-3151356.0,P068,202404,202404
496,2024-05-01,2024-05-31,P.VIAJE,descripcion_presupuesto_496,2185494.0,P068,202405,202405
497,2024-05-01,2024-05-31,P.FORMAL,descripcion_presupuesto_497,-57957.0,P064,202405,202405
498,2024-05-01,2024-05-31,P.FORMAL,descripcion_presupuesto_498,-98706.0,P015,202405,202405
499,2024-05-01,2024-05-31,P.GUSTOS,descripcion_presupuesto_499,-162156.0,P012,202405,202405
500,2024-05-01,2024-05-31,P.SALUD,descripcion_presupuesto_500,-104346.0,P014,202405,202405
501,2024-05-01,2024-05-31,P.VIAJE,descripcion_presupuesto_501,-253806.0,P070,202405,202405
502,2024-06-01,2024-06-30,P.FORMAL,descripcion_presupuesto_502,-84112.5,P064,202406,202406
503,2024-06-01,2024-06-30,P.FORMAL,descripcion_presupuesto_503,-1057506.0,P071,202406,202406
504,2024-06-01,2024-06-30,P.GUSTOS,descripcion_presupuesto_504,-155106.0,P012,202406,202406
505,2024-06-01,2024-06-30,P.GUSTOS,descripcion_presupuesto_505,-246756.0,P001,202406,202406
506,2024-06-01,2024-06-30,P.VIAJE,descripcion_presupuesto_506,-211506.0,P007,202406,202406
507,2024-06-01,2024-06-30,P.VIAJE,descripcion_presupuesto_507,-126906.0,P070,202406,202406
508,2024-07-01,2024-07-31,P.FORMAL,descripcion_presupuesto_508,-57252.0,P064,202407,202407
509,2024-07-01,2024-07-31,P.FORMAL,descripcion_presupuesto_509,-77556.0,P015,202407,202407
510,2024-07-01,2024-07-31,P.FORMAL,descripcion_presupuesto_510,-1057506.0,P071,202407,202407
511,2024-07-01,2024-07-31,P.VIAJE,descripcion_presupuesto_511,-106602.0,P072,202407,202407
512,2024-07-01,2024-07-31,P.VIAJE,descripcion_presupuesto_512,-200931.0,P070,202407,202407
513,2024-07-01,2024-07-31,P.GUSTOS,descripcion_presupuesto_513,-148056.0,P001,202407,202407
514,2024-07-01,2024-07-31,P.GUSTOS,descripcion_presupuesto_514,-21156.0,P003,202407,202407
515,2024-08-01,2024-08-31,P.FORMAL,descripcion_presupuesto_515,-57252.0,P064,202408,202408
516,2024-08-01,2024-08-31,P.GUSTOS,descripcion_presupuesto_516,-705006.0,P012,202408,202408
517,2024-08-01,2024-08-31,P.VIAJE,descripcion_presupuesto_517,-245910.0,P072,202408,202408
518,2024-08-01,2024-08-31,P.VIAJE,descripcion_presupuesto_518,-24681.0,P070,202408,202408
519,2024-09-01,2024-09-30,P.FORMAL,descripcion_presupuesto_519,-545676.0,P064,202409,202409
520,2024-09-01,2024-09-30,P.GUSTOS,descripcion_presupuesto_520,-228778.5,P001,202409,202409
521,2024-09-01,2024-09-30,P.GUSTOS,descripcion_presupuesto_521,-84606.0,P008,202409,202409
522,2024-09-01,2024-09-30,P.GUSTOS,descripcion_presupuesto_522,21144.0,P003,202409,202409
523,2024-09-01,2024-09-30,P.RECREACION,descripcion_presupuesto_523,-246756.0,P027,202409,202409
524,2024-10-01,2024-10-30,P.FORMAL,descripcion_presupuesto_524,-70435.5,P064,202410,202410
525,2024-10-01,2024-10-30,P.VIAJE,descripcion_presupuesto_525,-141006.0,P073,202410,202410
526,2024-11-01,2024-11-30,P.VIAJE,descripcion_presupuesto_526,-701622.0,P007,202411,202411
527,2024-11-01,2024-11-30,P.VIAJE,descripcion_presupuesto_527,-113934.0,P074,202411,202411
528,2024-11-01,2024-11-30,P.FORMAL,descripcion_presupuesto_528,-55478.22,P064,202411,202411
529,2024-11-01,2024-11-30,P.GUSTOS,descripcion_presupuesto_529,-119856.0,P008,202411,202411
530,2024-12-01,2024-12-31,P.VIAJE,descripcion_presupuesto_530,-288341.13,P075,202412,202412
531,2024-12-01,2024-12-31,P.GUSTOS,descripcion_presupuesto_531,-119856.0,P008,202412,202412
532,2025-01-01,2025-01-31,P.FORMAL,descripcion_presupuesto_532,-423006.0,P015,202501,202501
533,2025-01-01,2025-01-31,P.RECREACION,descripcion_presupuesto_533,-377322.0,P027,202501,202501
534,2025-01-01,2025-01-31,P.VIAJE,descripcion_presupuesto_534,-775506.0,P074,202501,202501
535,2025-01-01,2025-12-31,DINERO,descripcion_presupuesto_535,-6.0,,202501,202512
536,2025-01-01,2025-06-30,HOGAR,descripcion_presupuesto_536,-705006.0,,202501,202506
537,2025-01-01,2025-06-30,LIBRE,descripcion_presupuesto_537,-141006.0,,202501,202506
538,2025-01-01,2025-06-30,NECESIDAD,descripcion_presupuesto_538,-105756.0,,202501,202506
539,2025-01-01,2025-06-30,RECREACION,descripcion_presupuesto_539,-176256.0,,202501,202506
540,2025-01-01,2025-06-30,SUSCRIPCION,descripcion_presupuesto_540,-225606.0,,202501,202506
541,2025-01-01,2025-12-31,TRABAJO,descripcion_presupuesto_541,-6.0,,202501,202512
542,2025-01-01,2025-06-30,TRANSPORTE,descripcion_presupuesto_542,-14106.0,,202501,202506
543,2025-02-01,2025-02-28,P.VIAJE,descripcion_presupuesto_543,-669756.0,P076,202502,202502
544,2025-02-01,2025-02-28,P.GUSTOS,descripcion_presupuesto_544,-282006.0,P001,202502,202502
545,2025-03-01,2025-03-31,P.FORMAL,descripcion_presupuesto_545,-28206.0,P064,202503,202503
546,2025-03-01,2025-03-31,P.MANUAL,descripcion_presupuesto_546,-105756.0,P009,202503,202503
547,2025-03-01,2025-03-31,P.VIAJE,descripcion_presupuesto_547,-25315.5,P075,202503,202503
548,2025-03-01,2025-03-31,P.VIAJE,descripcion_presupuesto_548,-218556.0,P007,202503,202503
549,2025-03-01,2025-03-31,P.VIAJE,descripcion_presupuesto_549,-14740.5,P006,202503,202503
550,2025-03-01,2025-03-31,P.VIAJE,descripcion_presupuesto_550,563994.0,P076,202503,202503
551,2025-04-01,2025-04-30,P.VIAJE,descripcion_presupuesto_551,-705006.0,P076,202504,202504
552,2025-04-01,2025-04-30,P.VIAJE,descripcion_presupuesto_552,-14740.5,P006,202504,202504
553,2025-05-01,2025-05-31,P.FORMAL,descripcion_presupuesto_553,-98706.0,P015,202505,202505
554,2025-06-01,2025-06-30,P.GUSTOS,descripcion_presupuesto_554,-493506.0,P001,202506,202506
555,2025-07-01,2025-07-31,P.VIAJE,descripcion_presupuesto_555,-105756.0,P077,202507,202507
556,2025-07-01,2025-12-31,HOGAR,descripcion_presupuesto_556,-423006.0,,202507,202512
557,2025-07-01,2025-12-31,LIBRE,descripcion_presupuesto_557,-126906.0,,202507,202512
558,2025-07-01,2025-12-31,NECESIDAD,descripcion_presupuesto_558,-52881.0,,202507,202512
559,2025-07-01,2025-12-31,RECREACION,descripcion_presupuesto_559,-84606.0,,202507,202512
560,2025-07-01,2025-12-31,SUSCRIPCION,descripcion_presupuesto_560,-211506.0,,202507,202512
561,2025-07-01,2025-12-31,TRANSPORTE,descripcion_presupuesto_561,-14106.0,,202507,202512
562,2025-08-01,2025-08-31,P.FORMAL,descripcion_presupuesto_562,-197406.0,P064,202508,202508
563,2025-08-01,2025-08-31,P.GUSTOS,descripcion_presupuesto_563,-105756.0,P010,202508,202508
564,2025-09-01,2025-09-30,P.GUSTOS,descripcion_presupuesto_564,-25386.0,P012,202509,202509
565,2025-09-01,2025-09-30,P.GUSTOS,descripcion_presupuesto_565,-45126.0,P006,202509,202509
566,2025-10-01,2025-10-31,P.FORMAL,descripcion_presupuesto_566,-70435.5,P064,202510,202510
567,2026-06-01,2026-06-30,P.GUSTOS,descripcion_presupuesto_567,-6.0,P001,202606,202606
568,2026-01-01,2026-01-31,P.FORMAL,descripcion_presupuesto_568,-296106.0,P064,202601,202601
569,2026-01-01,2026-12-31,HOGAR,descripcion_presupuesto_569,-42306.0,,202601,202612
570,2026-01-01,2026-12-31,LIBRE,descripcion_presupuesto_570,-35256.0,,202601,202612
571,2026-01-01,2026-12-31,NECESIDAD,descripcion_presupuesto_571,-35256.0,,202601,202612
572,2026-01-01,2026-12-31,RECREACION,descripcion_presupuesto_572,-28206.0,,202601,202612
573,2026-01-01,2026-12-31,SUSCRIPCION,descripcion_presupuesto_573,-162156.0,,202601,202612
574,2026-01-01,2026-12-31,TRANSPORTE,descripcion_presupuesto_574,-14106.0,,202601,202612
575,2026-07-01,2026-07-31,P.FORMAL,descripcion_presupuesto_575,-77556.0,P015,202607,202607
576,2026-09-01,2026-09-30,P.FORMAL,descripcion_presupuesto_576,-6.0,P015,202609,202609
577,2026-11-01,2026-11-30,P.GUSTOS,descripcion_presupuesto_577,-6.0,P004,202611,202611
